description;category;price
ACEITE DE OLIVA LAUR LATA X500;ACEITE DE OLIVA Y SALES ;14900
ACEITE DE OLIVA LOPEZ X250;ACEITE DE OLIVA Y SALES ;8900
ACEITE DE OLIVA LOPEZ X500;ACEITE DE OLIVA Y SALES ;13800
AQUARIUS X 2.25 NARANJA;ACEITE DE OLIVA Y SALES;3100
BOTANICOS SECOS GRANDES;ACEITE DE OLIVA Y SALES;8500
BOTANICOS SECOS RUEDITA;ACEITE DE OLIVA Y SALES;6200
SECOS DOYPACK X 30G;VARIOS;4800
SET ACEITE DE OLIVA ZUCCARDI X3 + LIBRO;ACEITE DE OLIVA Y SALES ;55900
AMERICAN CLUB X750 FRUTILLA COLADA;APERITIVOS;6000
ANGOSTURA BITTER X200ML;APERITIVOS;42600
APEROL X 750;APERITIVOS;9400
CAMPARI X 750 ML;APERITIVOS;10500
COCKTAIL EMILIA X 750 CLAREA;APERITIVOS;9000
COCKTAIL EMILIA X 750 ROSE;APERITIVOS;9000
COCKTAIL EMILIA X 750 SPRITZ;APERITIVOS;9000
COCKTAIL EMILIA X750 SANGRIA;APERITIVOS;9000
COMBO CAMPARI + BAGGIO;APERITIVOS;11500
COMBO FERNET 1LT + COCA 2.25;APERITIVOS;21500
CYNAR NEGRO 70;APERITIVOS;10700
CYNAR X750;APERITIVOS;8700
ESTUCHE 2 SERNOVA WILDBERRIES;APERITIVOS;13700
ESTUCHE GIN ACONCAGUA + COPON;APERITIVOS;30600
FERNET BRANCA  1L;APERITIVOS;17900
FERNET BRANCA ANIVERSARIO X750;APERITIVOS;17000
FERNET BRANCA MENTA X 450CC;APERITIVOS;8500
FERNET BRANCA X 450CC;APERITIVOS;9300
FERNET BRANCA X 750;APERITIVOS;13900
FERNET BRANCA X 750 MENTA;APERITIVOS;12500
FERNET BUHERO NEGRO X700;APERITIVOS;8700
FERNET CESTARI;APERITIVOS;11300
FERNET VITTONE X 750;APERITIVOS;5200
GANCIA LATA X473 SIN ALCOHOL;APERITIVOS;2000
GANCIA X 950;APERITIVOS;6600
GIN HEREDERO X700 LIMON;APERITIVOS;13000
HESPERIDINA X1000;APERITIVOS;14000
HIERROQUINA PERETTI X1000;APERITIVOS;8600
LICOR APERITIF X 750 CAFE;APERITIVOS;13200
LICOR DE AZAFRAN STREGA;APERITIVOS;27300
LICOR LEGUI X 750;APERITIVOS;4900
LIMONCELLO STREGA X700;APERITIVOS;30100
MINIATURA FIREBALL;APERITIVOS;4500
PUNT E MES X 750;APERITIVOS;8200
VERMUT 746 X 750;APERITIVOS;14700
VERMUT AL VOLEO X750 BLANCO;APERITIVOS;18300
VERMUT AMARGO OBRERO X950;APERITIVOS;4500
VERMUT ANTICA X 1LT;APERITIVOS;81600
VERMUT CARPANO BIANCO X 950;APERITIVOS;8000
VERMUT CARPANO ROSSO X 950;APERITIVOS;8000
VERMUT CINZANO SEGUNDO ROJO X750;APERITIVOS;8500
VERMUT CINZANO X1LT ROSSO;APERITIVOS;7400
VERMUT DESCONFIADO X750 ROSSO;APERITIVOS;13300
VERMUT FEDERAL BIB X 5LTS;APERITIVOS;68800
VERMUT FEDERAL X 750 ROSADO;APERITIVOS;13700
VERMUT FEDERAL X 750 ROSSO;APERITIVOS;13700
VERMUT FERIADO X750;APERITIVOS;12000
VERMUT FERIADO X750 ROSADO;APERITIVOS;12000
VERMUT INTERFERENCIA X 750 CATEDRAL;APERITIVOS;11700
VERMUT INTERFERENCIA X750 CLASICO;APERITIVOS;11700
VERMUT INTERFERENCIA X750 ROSADO;APERITIVOS;11700
VERMUT INTERFERENCIA X750 TEMPRANILLO;APERITIVOS;11700
VERMUT LA FUERZA X750 PRIMAVERA;APERITIVOS;20300
VERMUT LA FUERZA X750 ROJO;APERITIVOS;20300
VERMUT LEONCE X750 ROSADO;APERITIVOS;9400
VERMUT LUNFA ROSADO;APERITIVOS;15300
VERMUT LUNFA ROSSO;APERITIVOS;14400
VERMUT MARTINI BLANCO X 1LT;APERITIVOS;8700
VERMUT MARTINI EXTRA DRY X1L;APERITIVOS;12000
VERMUT MARTINI ROSSO X 1LT;APERITIVOS;8700
VERMUT MEJUNJE MAAL;APERITIVOS;19200
VERMUT MONTES X750 ROSSO;APERITIVOS;6100
VERMUT PICHINCHA;APERITIVOS;13600
VERMUT UNICO X 750 BIANCO;APERITIVOS;12900
VERMUT UNICO X 750 RESERVA;APERITIVOS;33700
VERMUT UNICO X 750 ROSSO;APERITIVOS;12900
ESPUMANTE POMMERY ESTUCHE;BEBIDAS CARAS;145400
ESPUMANTE VEUVE CLICQUOT X750;BEBIDAS CARAS;158000
ESTUCHE JACK DANIELS GUITARRA;BEBIDAS CARAS;172800
ESTUCHE VINO CATENA ZAPATA MALBEC ARGENTINO X 1.5;BEBIDAS CARAS;156300
ESTUCHE VINO PACIENCIA + RELOJ;BEBIDAS CARAS;161300
ESTUCHE WHISKY JOHNNIE WALKER COLLECTION;BEBIDAS CARAS;275200
FERNET BRANCA X3LT;BEBIDAS CARAS;236200
RON ZACAPA CENTENARIO COMUN X 750;BEBIDAS CARAS;96100
RON ZACAPA CENTENARIO XO X750;BEBIDAS CARAS;202900
VINO CHATEAU MONTCHENOT 1987 MESSI X750;BEBIDAS CARAS;257500
VINO MESSI GOAT X 750 BLANCO;BEBIDAS CARAS;138300
VINO MESSI GOAT X 750 NEGRO;BEBIDAS CARAS;138300
VODKA CRYSTAL HEAD OUTER SPACE X 750 MARCIANO;BEBIDAS CARAS;270000
VODKA CRYSTAL HEAD X 750 ONYX BLACK;BEBIDAS CARAS;161300
VODKA CRYSTAL HEAD X750 AURORA TORNASOLADO;BEBIDAS CARAS;169000
WHISKY CARDHU 12 AÒOS X 700ML;BEBIDAS CARAS;130200
WHISKY CHIVAS 18 X 700 GOLD SIGNATURE;BEBIDAS CARAS;129100
WHISKY CHIVAS 21 X 700 ROYAL SALUTE;BEBIDAS CARAS;270900
WHISKY GLENFIDDICH 15 AÒOS X 750;BEBIDAS CARAS;240800
WHISKY JOHNNIE WALKER RED LABEL X3L;BEBIDAS CARAS;217600
WHISKY JOHNNIE WALKER X 3 LTS BLACK LABEL;BEBIDAS CARAS;345600
WHISKY JOHNNIE WALKER X 750 BLUE LABEL;BEBIDAS CARAS;382300
WHISKY JOHNNIE WALKER X 750 GREEN LABEL;BEBIDAS CARAS;177000
WHISKY MACALLAN X 700 DOUBLE CASK;BEBIDAS CARAS;213900
WHISKY MACALLAN X 700 TRIPLE CASK;BEBIDAS CARAS;176600
WHISKY SCAPA GLANSA X750;BEBIDAS CARAS;157600
WHISKY SINGLETON 15 ANIOS X 700;BEBIDAS CARAS;109900
WHISKY SINGLETON 18 ANIOS X 700;BEBIDAS CARAS;164900
CERVEZA BARBA ROJA X 330 CANNABIAN BEER;CERVEZA;3900
CERVEZA BARBA ROJA X 330 CON LIMON;CERVEZA;3200
CERVEZA BARBA ROJA X 330 DOBLE IPA;CERVEZA;3900
CERVEZA BARBA ROJA X 330 FRUTADA;CERVEZA;3200
CERVEZA BARBA ROJA X 330 IPA 0.0;CERVEZA;3200
CERVEZA BARBA ROJA X 330 IPA PALE ALE;CERVEZA;3200
CERVEZA BARBA ROJA X 330 LAGER;CERVEZA;3200
CERVEZA BARBA ROJA X 330 LAGER SIN ALCOHOL;CERVEZA;3200
CERVEZA BARBA ROJA X 330 LESTER SIN TACC;CERVEZA;3200
CERVEZA BARBA ROJA X 330 PALE ALE;CERVEZA;3200
CERVEZA BOTELLA X 710 CORONA;CERVEZA;3900
CERVEZA CARDIFF X 1 LT RED LAGER;CERVEZA;3500
CERVEZA CARDIFF X500 IPA;CERVEZA;2500
CERVEZA CARDIFF X500 PILSEN LAGER;CERVEZA;2500
CERVEZA CARDIFF X500 PORTER NEGRA;CERVEZA;2500
CERVEZA CARDIFF X500 RED LAGER;CERVEZA;2500
CERVEZA CORONA PACKX4 SIN ALCOHOL;CERVEZA;7500
CERVEZA KAISERDOM X1000 DARK;CERVEZA;13800
CERVEZA KAISERDOM X1000 KELLERBIER;CERVEZA;13800
CERVEZA KAISERDOM X1000 NATURTRUB;CERVEZA;13800
CERVEZA KAISERDOM X1000 PILSENER;CERVEZA;13800
CERVEZA KAISERDOM X440 SMOKED BEER;CERVEZA;6100
CERVEZA KAISERDOM X440 STRONG;CERVEZA;6100
CERVEZA LA PALOMA X473 AMBER ALE;CERVEZA;3200
CERVEZA LA PALOMA X473 CREAM ALE;CERVEZA;3200
CERVEZA LA PALOMA X473 EXPORT STOUT;CERVEZA;3200
CERVEZA LA PALOMA X473 HAZY IPA;CERVEZA;3800
CERVEZA LA PALOMA X473 HONEY;CERVEZA;3200
CERVEZA LA PALOMA X473 IPA 01;CERVEZA;3800
CERVEZA LA PALOMA X473 IPA 02;CERVEZA;3800
CERVEZA LA PALOMA X473 RUTA 11;CERVEZA;3800
CERVEZA LA PALOMA X473 SPRING IPA;CERVEZA;3800
CERVEZA LATA GUINNESS X 473 EXTRA STOUT;CERVEZA;3300
CERVEZA LATA GUINNESS X 473 HOP HOUSE;CERVEZA;3100
CERVEZA LATA X 473 1890 RUBIA;CERVEZA;1500
CERVEZA LATA X 473 AMSTEL;CERVEZA;1500
CERVEZA LATA X 473 ANDES IPA;CERVEZA;2000
CERVEZA LATA X 473 ANDES RUBIA;CERVEZA;1900
CERVEZA LATA X 473 ANTARES IPA;CERVEZA;3300
CERVEZA LATA X 473 BIECKERT;CERVEZA;1000
CERVEZA LATA X 473 BRAHMA;CERVEZA;1700
CERVEZA LATA X 473 GROLSCH;CERVEZA;2000
CERVEZA LATA X 473 HEINEKEN;CERVEZA;2700
CERVEZA LATA X 473 HEINEKEN SIN ALCOHOL;CERVEZA;2500
CERVEZA LATA X 473 IMPERIAL APA;CERVEZA;2200
CERVEZA LATA X 473 IMPERIAL GOLDEN;CERVEZA;2200
CERVEZA LATA X 473 IMPERIAL GOLDEN SIN ACOHOL;CERVEZA;1500
CERVEZA LATA X 473 IMPERIAL IPA;CERVEZA;2200
CERVEZA LATA X 473 IMPERIAL ROJA;CERVEZA;2200
CERVEZA LATA X 473 IMPERIAL RUBIA;CERVEZA;1800
CERVEZA LATA X 473 IMPERIAL STOUT;CERVEZA;2200
CERVEZA LATA X 473 QUILMES;CERVEZA;1700
CERVEZA LATA X 473 QUILMES STOUT;CERVEZA;1700
CERVEZA LATA X 473 SCHNEIDER;CERVEZA;1500
CERVEZA LATA X 473 STELLA;CERVEZA;2200
CERVEZA LATA X 473 STELLA NOIRE;CERVEZA;2300
CERVEZA LATA X 473 WARSTEINER;CERVEZA;2000
CERVEZA PORRON CORONA X 330 SIN ALCOHOL;CERVEZA;2200
CERVEZA PORRON X 330 CORONA;CERVEZA;2500
CERVEZA SIXPACK X 330 CORONA PORRON;CERVEZA;13400
CERVEZA SIXPACK X473 1890 RUBIA;CERVEZA;6900
CERVEZA SIXPACK X473 AMSTEL LAGER;CERVEZA;7900
CERVEZA SIXPACK X473 ANDES IPA;CERVEZA;10300
CERVEZA SIXPACK X473 ANDES NEGRA;CERVEZA;10300
CERVEZA SIXPACK X473 ANDES ROJA;CERVEZA;10300
CERVEZA SIXPACK X473 ANDES RUBIA;CERVEZA;10300
CERVEZA SIXPACK X473 BIECKERT;CERVEZA;5500
CERVEZA SIXPACK X473 BRAHMA;CERVEZA;8900
CERVEZA SIXPACK X473 BUDWEISER;CERVEZA;8900
CERVEZA SIXPACK X473 HEINEKEN;CERVEZA;14400
CERVEZA SIXPACK X473 HEINEKEN SIN ALCOHOL;CERVEZA;13200
CERVEZA SIXPACK X473 IMPERIAL APA;CERVEZA;10900
CERVEZA SIXPACK X473 IMPERIAL CREAM STOUT;CERVEZA;10900
CERVEZA SIXPACK X473 IMPERIAL GOLDEN;CERVEZA;10900
CERVEZA SIXPACK X473 IMPERIAL GOLDEN SIN ALCOHOL;CERVEZA;7500
CERVEZA SIXPACK X473 IMPERIAL IPA;CERVEZA;10900
CERVEZA SIXPACK X473 IMPERIAL LAGER;CERVEZA;9800
CERVEZA SIXPACK X473 IMPERIAL ROJA;CERVEZA;10900
CERVEZA SIXPACK X473 PATAGONIA AMBER LAGER;CERVEZA;12600
CERVEZA SIXPACK X473 QUILMES STOUT;CERVEZA;9000
CERVEZA SIXPACK X473 SCHNEIDER;CERVEZA;7900
CERVEZA SIXPACK X473 STELLA ARTOIS;CERVEZA;11200
CERVEZA SIXPACK X473 STELLA NOIRE;CERVEZA;11600
CERVEZA SIXPACK X473 WARSTEINER;CERVEZA;8500
ESTUCHE CERVEZA KAISERDOM + CHOPP DE 1LT;CERVEZA;38000
ESTUCHE CERVEZA KAISERDOM DARK + VASO;CERVEZA;38000
ESTUCHE CERVEZA KAISERDOM KELLERBIER + VASO;CERVEZA;38000
ESTUCHE CERVEZA KAISERDOM PILSEN + VASO;CERVEZA;38000
SET CERVEZA LA PALOMA X 3 MAS VASO;CERVEZA;22000
ABSENTA ABSINTHE REFINED ESTUCHE 750ML;DESTILADOS;109900
ABSENTA LA TOUR TURNE X750 VERDE;DESTILADOS;28800
AMARULA X 750ML;DESTILADOS;29000
AMERICAN CLUB X750 PI—A COLADA;DESTILADOS;6000
CACHACA VELHO BARREIRO;DESTILADOS;6900
CHELO LIMONCHELO;DESTILADOS;15700
CHELO MARACUCHELO X 750;DESTILADOS;17100
COCO BONGO X 750 COCO;DESTILADOS;10600
COGNAC RESERVA SAN JUAN X750;DESTILADOS;9700
DAMONJAG BOX BOTELLA 1000ML + X2 SHOTS;DESTILADOS;45800
DAMONJAG X1000;DESTILADOS;26900
DAMONJAG X473 STEEL BOTTLE;DESTILADOS;11500
ELEVEN STREET TRIPLE SEC NARANJA;DESTILADOS;21300
ESTUCHE GIN BEEFEATER X700 + COPON;DESTILADOS;31500
ESTUCHE GIN BLU + COPA;DESTILADOS;35000
ESTUCHE GIN DALMATA + COPA;DESTILADOS;47300
ESTUCHE GIN DALMATA BLACK;DESTILADOS;53200
ESTUCHE GIN DALMATA CON 4 BOTANICOS;DESTILADOS;36800
ESTUCHE GIN DALMATA ESPECIALIST;DESTILADOS;47300
ESTUCHE GIN DALMATA PREMIUM CON TODO;DESTILADOS;59900
ESTUCHE GIN HEREDERO + COPA;DESTILADOS;32000
ESTUCHE GIN HEREDERO AÒEJO + VASOS;DESTILADOS;38500
ESTUCHE GIN HEREDERO PINK + VASOS;DESTILADOS;33700
ESTUCHE GIN HEREDERO X 4 BOTELLAS;DESTILADOS;63100
ESTUCHE GIN MALARIA;DESTILADOS;55800
ESTUCHE GIN OID MORTALES + COPA;DESTILADOS;35300
ESTUCHE GIN VRIENDEN CON COPA;DESTILADOS;25500
ESTUCHE HODLMOSER + 6 SPEED X 250;DESTILADOS;32000
ESTUCHE VERMUT FEDERAL X 750 ROSADO;DESTILADOS;25600
ESTUCHE VERMUT FEDERAL X 750 ROSSO;DESTILADOS;25600
GIN ACONCAGUA CERAMICA X 950;DESTILADOS;51900
GIN ACONCAGUA X 750 AZUL CLASICO;DESTILADOS;13100
GIN ACONCAGUA X 750 BLANCO;DESTILADOS;14900
GIN ACONCAGUA X 750 ROSA;DESTILADOS;14900
GIN ACONCAGUA X 750 VERDE;DESTILADOS;14900
GIN ARLEQUIN X 750;DESTILADOS;11800
GIN AURA X750 LONDON DRY;DESTILADOS;13100
GIN AURA X750 PINK;DESTILADOS;14000
GIN BEEFEATER X 1LT;DESTILADOS;25400
GIN BEEFEATER X 700;DESTILADOS;21000
GIN BLU X 700 LONDON DRY;DESTILADOS;14700
GIN BOMBAY X 750;DESTILADOS;34600
GIN BOMBAY X 750 BRAMBLE;DESTILADOS;25500
GIN BOSQUE X500 ALTA MONTA—A;DESTILADOS;26000
GIN BOSQUE X500 NATIVO;DESTILADOS;17300
GIN BRIGHTON X 750ML;DESTILADOS;8700
GIN BULLDOG X 750;DESTILADOS;29100
GIN BURNETTS X 1L;DESTILADOS;7400
GIN CESTARI;DESTILADOS;11700
GIN DALMATA VERA X 500;DESTILADOS;7000
GIN DALMATA X750 BLACK;DESTILADOS;9900
GIN DALMATA X750 HONEY;DESTILADOS;10500
GIN DALMATA X750 OTTO HERBAL;DESTILADOS;9900
GIN DEALERS;DESTILADOS;12300
GIN DEALERS X 1L NARANJA ESPINOSA;DESTILADOS;12800
GIN DEALERS X750 OLD TOM;DESTILADOS;29300
GIN GIBSON X 700 LONDON DRY;DESTILADOS;24400
GIN GORDONS LATA X 473;DESTILADOS;2700
GIN GORDONS X 700;DESTILADOS;12000
GIN GORDONS X 700 PINK;DESTILADOS;13800
GIN HENDRICKS;DESTILADOS;53400
GIN HERACLITO MACEDONIO;DESTILADOS;13800
GIN HERACLITO X 750;DESTILADOS;13400
GIN HEREDERO X354 LATA PEPINO;DESTILADOS;2600
GIN HEREDERO X700 BOYSENBERRY;DESTILADOS;13000
GIN HEREDERO X700 LONDON DRY;DESTILADOS;12000
GIN HEREDERO X700 MANDARINA;DESTILADOS;13000
GIN HEREDERO X700 POMELO ROSADO;DESTILADOS;13000
GIN HEREDERO X700 RESERVA 5 A—OS;DESTILADOS;33400
GIN KALMAR X 750 VASIJA;DESTILADOS;39900
GIN MAAL CHIVO X750;DESTILADOS;23200
GIN MALARIA X 700 BLACK;DESTILADOS;34600
GIN MALARIA X 700 LONDON DRY;DESTILADOS;27300
GIN MALARIA X 700 ML CLASICO LILA;DESTILADOS;31700
GIN MARE X750;DESTILADOS;64300
GIN MARTINA CESPEDES;DESTILADOS;12500
GIN MERLE X 750 ML;DESTILADOS;8200
GIN MERLE X750 ORANGE;DESTILADOS;9500
GIN MERLE X750 PINK;DESTILADOS;9500
GIN MONKEY 47 X500;DESTILADOS;64300
GIN MONTES X750  LONDON DRY BOTELLA NUEVA;DESTILADOS;9800
GIN MONTES X750 FRUTOS ROJOS;DESTILADOS;10100
GIN MONTES X750 LONDON DRY;DESTILADOS;10100
GIN MONTES X750 SEVILLA NARANJA;DESTILADOS;10100
GIN NORDES ATLANTIC GALICIAN X700;DESTILADOS;79900
GIN OID MORTALES X750;DESTILADOS;15900
GIN RESTINGA TRIPACK X375;DESTILADOS;30400
GIN RESTINGA X 700 ENTRE MONTA—AS;DESTILADOS;22500
GIN RESTINGA X 700 FLAVORED;DESTILADOS;22600
GIN RESTINGA X 700 LONDON DRY;DESTILADOS;17100
GIN RESTINGA X 700 OTONIO;DESTILADOS;20600
GIN RIDER X750;DESTILADOS;6000
GIN RUNA 750 ML ARANDANOS;DESTILADOS;13300
GIN RUNA 750 ML LONDON DRY;DESTILADOS;13300
GIN RUNA 750 ML MARACUYA Y MIEL;DESTILADOS;13300
GIN SHELBY X 750CC;DESTILADOS;6700
GIN TANQUERAY X 700;DESTILADOS;28000
GIN TANQUERAY X 700 ROYALE;DESTILADOS;33500
GIN TANQUERAY X 700 SEVILLA;DESTILADOS;33500
GIN TERRIER X 750 SPICY;DESTILADOS;14500
GIN TERRIER X 750 WILD;DESTILADOS;14500
GIN VRIENDEN BIB X3LT LONDON DRY;DESTILADOS;28900
GIN VRIENDEN LATA X 473 LONDON DRY;DESTILADOS;3200
GIN VRIENDEN LATA X 473 ROSE;DESTILADOS;3200
GIN VRIENDEN X 750 LONDON DRY;DESTILADOS;11600
GIN VRIENDEN X 750 ROSE;DESTILADOS;11600
GIN VRIENDEN ZAFIRO X750;DESTILADOS;16900
GINEBRA BOLS X 1LT;DESTILADOS;11100
GRANADINA DELLEPIANE X750;DESTILADOS;5100
GRAPPA VALLEVIEJO X930;DESTILADOS;9700
HIELO 4KG;DESTILADOS;4500
HODLMOSER X 700;DESTILADOS;21900
JAGERMEISTER X1,750ML;DESTILADOS;73800
JAGERMEISTER X700ML;DESTILADOS;28000
JAGERMESITER X350;DESTILADOS;18300
KARAMEL CREAM MARULA X750;DESTILADOS;9300
KARAMEL CREAM X750;DESTILADOS;9300
LATA VODKA SMIRNOFF X 473 GREEN APPLE;DESTILADOS;2700
LATA VODKA SMIRNOFF X 473 ORIGINAL;DESTILADOS;2700
LATA VODKA SMIRNOFF X 473 RED BERRIES;DESTILADOS;2700
LATA VODKA SMIRNOFF X473 NARANJA  LIMA;DESTILADOS;2700
LATA VODKA SMIRNOFF X473 POMELO LIMA;DESTILADOS;2700
LICOR BAILEYS ORIGINAL CREAM;DESTILADOS;26900
LICOR BORGHETTI X 700ML;DESTILADOS;16200
LICOR COINTREAU X700;DESTILADOS;60400
LICOR DE ANIS 8 HERMANOS X750;DESTILADOS;6000
LICOR DE CAÒA 1 DE AGOSTO X750;DESTILADOS;4800
LICOR GOLDWASSER X 700;DESTILADOS;51700
LICOR LA SCALA X2 UNIDADES;DESTILADOS;22600
LICOR MARIPOSA X750;DESTILADOS;3900
LICOR SHERIDANS;DESTILADOS;41200
LICOR TIA MARIA X 690;DESTILADOS;10200
LICOR TIA MARIA X 690 CREAM;DESTILADOS;14400
LICOR TRES PLUMAS X 700 BLUE CURACAO;DESTILADOS;5200
LICOR TRES PLUMAS X 700 CHOCOLATE BLANCO;DESTILADOS;6300
LICOR TRES PLUMAS X 700 DULCE DE LECHE;DESTILADOS;6300
LICOR TRES PLUMAS X 700 KIWI;DESTILADOS;5200
LICOR TRES PLUMAS X 750 CAFE AL COGNAC;DESTILADOS;6300
LICOR TRES PLUMAS X750 CAFE;DESTILADOS;5200
LICOR TRES PLUMAS X750 CHOCOLATE;DESTILADOS;6300
LICOR TRES PLUMAS X750 DURAZNO;DESTILADOS;5200
LICOR TRES PLUMAS X750 FRUTILLA;DESTILADOS;5200
LICOR TRES PLUMAS X750 MELON;DESTILADOS;5200
LICOR TRES PLUMAS X750 MENTA;DESTILADOS;5200
LICOR WILD AFRICA X 750;DESTILADOS;22900
MINIATURA ACONCAGUA;DESTILADOS;4500
MINIATURA AVIATION;DESTILADOS;4500
MINIATURA BAILEYS;DESTILADOS;4500
MINIATURA BOSQUE ALTA MONTAÒA;DESTILADOS;4500
MINIATURA BOSQUE NATIVO;DESTILADOS;4500
MINIATURA CANADIAN CLUB;DESTILADOS;4500
MINIATURA DEWARS WHITE;DESTILADOS;4500
MINIATURA DISARONNO;DESTILADOS;4500
MINIATURA DUNORD;DESTILADOS;4500
MINIATURA FERNET BRANCA MENTA;DESTILADOS;4500
MINIATURA GLENFARCLAS;DESTILADOS;4500
MINIATURA GREY GOOSE;DESTILADOS;4500
MINIATURA JACK DANIELS;DESTILADOS;4500
MINIATURA JAGERMASTER;DESTILADOS;4500
MINIATURA WOODFORD RESERVE;DESTILADOS;4500
MINIATURAS;DESTILADOS;4500
NEGRONI INMIGRANTE;DESTILADOS;19700
NEGRONI KALMAR X 500;DESTILADOS;24000
NUVO X 750;DESTILADOS;64800
PISCO 1615 X 700 ACHOLADO;DESTILADOS;43400
PISCO 1615 X 700 QUEBRANTO;DESTILADOS;43400
PISCO VARGAS X750;DESTILADOS;25700
PROMO RENAISSENCE + 2 SPEED;DESTILADOS;10000
RAMAZZOTTI ROSADO X700;DESTILADOS;7000
RON BACARDI X 750 CARTA BLANCA;DESTILADOS;18700
RON BACARDI X 750 CARTA ORO;DESTILADOS;18700
RON BACARDI X 980 CARTA BLANCA;DESTILADOS;21900
RON BACARDI X 980 CARTA ORO;DESTILADOS;21900
RON FLOR DE CAÒA X1LT DORADO 10 AÒOS;DESTILADOS;73500
RON FLOR DE CAÒA X750 BLANCO 4 AÒOS;DESTILADOS;21200
RON FLOR DE CAÒA X750 DORADO 4 AÒOS;DESTILADOS;21200
RON FLOR DE CAÒA X750 DORADO 7 AÒOS;DESTILADOS;40000
RON HAVANA CLUB 3 ANOS;DESTILADOS;13700
RON HAVANA CLUB ESPECIAL;DESTILADOS;13700
RON HAVANA CLUB ESPECIAL 7 AÒOS X 700ML;DESTILADOS;33200
RON MALIBU X750;DESTILADOS;13200
RON SANTA TERESA X 750 GRAN RESERVA;DESTILADOS;38900
TEQUILA EL JIMADOR X700 REPOSADO;DESTILADOS;34300
TEQUILA EL JIMADOR X700 SILVER;DESTILADOS;34300
TEQUILA JOSE CUERVO SILVER;DESTILADOS;46600
TEQUILA JOSE CUERVO X750 REPOSADO;DESTILADOS;46600
TEQUILA ROSE X 700;DESTILADOS;48900
TEQUILA SOMBRERO GOLD X 700;DESTILADOS;28800
TEQUILA SOMBRERO SILVER X 700;DESTILADOS;28800
TRIPLE SECO CARAJO X750ML;DESTILADOS;12500
VODKA ABSOLUT ELYX X1LT;DESTILADOS;85700
VODKA ABSOLUT X 700  VANILIA;DESTILADOS;23800
VODKA ABSOLUT X 700 MANDARIN;DESTILADOS;23800
VODKA ABSOLUT X 700 RASPBERRI;DESTILADOS;23800
VODKA ABSOLUT X 700 WILD BERRI;DESTILADOS;23800
VODKA ABSOLUT X 750;DESTILADOS;20900
VODKA ABSOLUT X 750 APPEACH;DESTILADOS;23800
VODKA ABSOLUT X 750 LIME;DESTILADOS;23800
VODKA ABSOLUT X700 MANGO;DESTILADOS;23800
VODKA ABSOLUT X700 WATERMELON;DESTILADOS;23800
VODKA ABSOLUT X750 GRAPEFRUIT;DESTILADOS;23800
VODKA ABSOLUT X750 PEARS;DESTILADOS;23800
VODKA SERNOVA X 700;DESTILADOS;7200
VODKA SERNOVA X 700 CANDY GLOW;DESTILADOS;7900
VODKA SERNOVA X 700 FRESH CITRUS;DESTILADOS;7900
VODKA SERNOVA X 700 SWEET APPLE PEAR;DESTILADOS;7900
VODKA SERNOVA X 700 TROPICAL PASSION;DESTILADOS;7900
VODKA SERNOVA X 700 WILD BERRIES;DESTILADOS;7900
VODKA SERNOVA X700 CARIBBEAN BLEND;DESTILADOS;7900
VODKA SKYY X 750;DESTILADOS;8700
VODKA SKYY X 750 RASPBERRY;DESTILADOS;10600
VODKA SKYY X750 COSMIC;DESTILADOS;13000
VODKA SMIRNOFF X 700 CITRUS;DESTILADOS;8700
VODKA SMIRNOFF X 700 GRAPEFRUIT;DESTILADOS;8700
VODKA SMIRNOFF X 700 GREEN APPLE;DESTILADOS;8700
VODKA SMIRNOFF X 700 RASPBERRY;DESTILADOS;8700
VODKA SMIRNOFF X 700 RUBY ORANGE;DESTILADOS;8700
VODKA SMIRNOFF X 700 TAMARINDO;DESTILADOS;8700
VODKA SMIRNOFF X 700 TROPICAL FRUITS;DESTILADOS;8700
VODKA SMIRNOFF X 700 WATERMELON;DESTILADOS;8700
VODKA SMIRNOFF X 700ML;DESTILADOS;7900
VODKA SMIRNOFF X 750 TANGERINE;DESTILADOS;8700
VODKA WYBOROWA X700 RASPBERRY;DESTILADOS;7200
WHISKY BALLANTINES 7 AÒOS X700 BOURBON;DESTILADOS;37100
WHISKY BALLANTINES X 700;DESTILADOS;25600
WHISKY BALLANTINES X 700 ACDC;DESTILADOS;33200
WHISKY BALLANTINES X 700 QUEEN;DESTILADOS;33200
WHISKY BENCHMARK X 750 N∞ 8;DESTILADOS;31200
WHISKY BUCHANANS;DESTILADOS;58500
WHISKY BUFALO TRACE X 750;DESTILADOS;61500
WHISKY BULLEIT BOURBON X 700;DESTILADOS;67300
WHISKY CHIVAS 12 X 500;DESTILADOS;33000
WHISKY CHIVAS 12 X 700;DESTILADOS;47500
WHISKY CHIVAS 13 X 750;DESTILADOS;60900
WHISKY CHIVAS 15 X 700;DESTILADOS;73400
WHISKY CHIVAS REGAL 12 AÒOS X 1LT;DESTILADOS;61000
WHISKY CHIVAS REGAL X700 CRYSTALGOLD;DESTILADOS;77300
WHISKY CHIVAS X 700 MIZUNARA;DESTILADOS;96400
WHISKY FIREBALL X 750;DESTILADOS;21400
WHISKY GLEN MORAY X 700 CHARDONNAY CASK FINISH;DESTILADOS;78400
WHISKY GLEN MORAY X 700 CLASSIC;DESTILADOS;69300
WHISKY GLEN MORAY X 700 PORT CASK FINISH;DESTILADOS;78400
WHISKY GLENLIVET 12 AÒOS X700ML;DESTILADOS;59300
WHISKY GLENLIVET 15 AÒOS X700;DESTILADOS;98400
WHISKY GLENLIVET FOUNDER¥S RESERVE X750;DESTILADOS;50300
WHISKY JACK DANIELS GENTLEMAN X700;DESTILADOS;64700
WHISKY JACK DANIELS X 1 LITRO;DESTILADOS;62300
WHISKY JACK DANIELS X 700;DESTILADOS;44700
WHISKY JACK DANIELS X 700;DESTILADOS;44700
WHISKY JACK DANIELS X 700 APPLE;DESTILADOS;44700
WHISKY JACK DANIELS X 700 FIRE;DESTILADOS;44700
WHISKY JACK DANIELS X 700 HONEY;DESTILADOS;44700
WHISKY JACK DANIELS X 700 MACLAREN;DESTILADOS;45400
WHISKY JACK DANIELS X 700 SINGLE BARREL;DESTILADOS;93700
WHISKY JAMESON X 700;DESTILADOS;30100
WHISKY JAMESON X 700 BLACK BARREL;DESTILADOS;49300
WHISKY JAMESON X 700 IPA;DESTILADOS;34400
WHISKY JB X 750;DESTILADOS;24600
WHISKY JIM BEAM X700 VAINILLA;DESTILADOS;42400
WHISKY JOHNNIE WALKER X 1 BLACK LABEL;DESTILADOS;59400
WHISKY JOHNNIE WALKER X 1 RED LABEL;DESTILADOS;35300
WHISKY JOHNNIE WALKER X 750 BLACK LABEL;DESTILADOS;49900
WHISKY JOHNNIE WALKER X 750 DOUBLE BLACK;DESTILADOS;59600
WHISKY JOHNNIE WALKER X 750 GOLD LABEL;DESTILADOS;98800
WHISKY JOHNNIE WALKER X 750 RED LABEL;DESTILADOS;29700
WHISKY JOHNNIE WALKER X 750 SWING;DESTILADOS;122600
WHISKY KAIJIN X700;DESTILADOS;78500
WHISKY LOCH LOMOND X 750 12 AÒOS;DESTILADOS;95400
WHISKY OLD PARR X 750;DESTILADOS;45100
WHISKY SINGLETON 12 ANIOS X 700;DESTILADOS;68000
WHISKY SIR EDWARDS X 700 BEER RESERVE;DESTILADOS;22100
WHISKY SIR EDWARDS X700;DESTILADOS;20600
WHISKY SIR EDWARDS X700 SMOKY;DESTILADOS;22100
WHISKY TEXAS  X700 BOURBON;DESTILADOS;49600
WHISKY THE FAMOUS GROUSE X 700 ML;DESTILADOS;32000
WHISKY WHITEHORSE X750;DESTILADOS;16300
ANANA FIZZ LA REAL X750;ESPUMANTES;4500
ESPUMANTE ALAMBRADO X 750 BLANC DE BLANCS;ESPUMANTES;12100
ESPUMANTE ALAMBRADO X 750 BRUT ROSE;ESPUMANTES;12100
ESPUMANTE ALYDA BRUT NATURE ROSE X750;ESPUMANTES;16100
ESPUMANTE ALYDA BRUT NATURE X750;ESPUMANTES;16100
ESPUMANTE ANGELADO X 750 BRUT ROSE;ESPUMANTES;11500
ESPUMANTE ANGELADO X 750 EXTRA BRUT;ESPUMANTES;11500
ESPUMANTE ANIMAL X750 EXTRA BRUT;ESPUMANTES;12400
ESPUMANTE ANNA CODORNIU X 375 BLANC;ESPUMANTES;13200
ESPUMANTE ANNA CODORNIU X 750 BLANC;ESPUMANTES;19800
ESPUMANTE ANNA CODORNIU X 750 ROSE;ESPUMANTES;19800
ESPUMANTE ANTONIETA X750 PINOT CHARDONNAY;ESPUMANTES;15100
ESPUMANTE BARON B X750 BRUT NATURE;ESPUMANTES;37900
ESPUMANTE BARON B X750 EXTRA BRUT;ESPUMANTES;29700
ESPUMANTE CALLEJON X 750 PINOT EXTRA BRUT;ESPUMANTES;13900
ESPUMANTE CALLIA X 750 BRUT NATURE;ESPUMANTES;5800
ESPUMANTE CALLIA X750 EXTRA BRUT;ESPUMANTES;5800
ESPUMANTE CASA BOHER X 750 EXTRA BRUT;ESPUMANTES;18000
ESPUMANTE CAVA HERETAT X200 BRUT;ESPUMANTES;4900
ESPUMANTE CELOS X 750 EXTRA BRUT;ESPUMANTES;13100
ESPUMANTE CELOS X 750 MALBEC ROSE;ESPUMANTES;13100
ESPUMANTE CELOS X 750 TORRONTES;ESPUMANTES;13100
ESPUMANTE CHAKANA NUNA X 750;ESPUMANTES;7800
ESPUMANTE CHANDON BABY X 187 APERITIFF;ESPUMANTES;4500
ESPUMANTE CHANDON BABY X 187 DELICE;ESPUMANTES;4500
ESPUMANTE CHANDON BABY X 187 EXTRA BRUT;ESPUMANTES;4500
ESPUMANTE CHANDON BABY X 187 ROSE;ESPUMANTES;4500
ESPUMANTE CHANDON X 1500 EXTRA BRUT;ESPUMANTES;36800
ESPUMANTE CHANDON X 3LTS EXTRA BRUT;ESPUMANTES;94900
ESPUMANTE CHANDON X 750 APERITIF;ESPUMANTES;15100
ESPUMANTE CHANDON X 750 DELICE;ESPUMANTES;15100
ESPUMANTE CHANDON X 750 DELICE ROSE;ESPUMANTES;15100
ESPUMANTE CHANDON X 750 EXTRA BRUT;ESPUMANTES;15100
ESPUMANTE CHANDON X 750 ROSE;ESPUMANTES;15100
ESPUMANTE CINZANO TO SPRITZ X750;ESPUMANTES;8400
ESPUMANTE CONEJO VERDE X750 BRUT ROSE;ESPUMANTES;7700
ESPUMANTE CONEJO VERDE X750 DULCE NATURAL;ESPUMANTES;7700
ESPUMANTE COSTA & PAMPA X 750 BRUT ROSE;ESPUMANTES;16800
ESPUMANTE COSTA & PAMPA X 750 EXTRA BRUT;ESPUMANTES;16800
ESPUMANTE CRUZAT X 750 CUVEE NATURE;ESPUMANTES;18200
ESPUMANTE CRUZAT X 750 EXTRA BRUT;ESPUMANTES;13200
ESPUMANTE CRUZAT X 750 NATURE;ESPUMANTES;13200
ESPUMANTE CRUZAT X 750 ROSE;ESPUMANTES;13200
ESPUMANTE DADA 7 X750 ORANGE BITTER;ESPUMANTES;6600
ESPUMANTE DESEADO X 750 DULCE NATURAL;ESPUMANTES;8600
ESPUMANTE DESEADO X 750 EXTRA BRUT;ESPUMANTES;8600
ESPUMANTE DESEADO X 750 ROSE;ESPUMANTES;8600
ESPUMANTE ELOISA TODOS;ESPUMANTES;4900
ESPUMANTE ESCORIHUELA PP X750 ROSE EX BRUT;ESPUMANTES;26600
ESPUMANTE ESCORIHUELA X750 EXTRA BRUT;ESPUMANTES;12500
ESPUMANTE FAMILIA GASCON X 750  EXTRA BRUT;ESPUMANTES;9000
ESPUMANTE FINCA GABRIEL BRUT NATURE;ESPUMANTES;9200
ESPUMANTE FINCA GABRIEL EXTRA BRUT;ESPUMANTES;9200
ESPUMANTE FOW DISCONTINUO X750 BRUT NATURE;ESPUMANTES;16100
ESPUMANTE HERMANDAD X 750 BRUT;ESPUMANTES;18500
ESPUMANTE LA MASCOTA X 750 BLANC DE NOIR;ESPUMANTES;14100
ESPUMANTE LAS PERDICES X 750 BRUT ROSE;ESPUMANTES;9600
ESPUMANTE LAS PERDICES X750 EXTRA BRUT;ESPUMANTES;9600
ESPUMANTE LAS PERDICES X750 SWEETY;ESPUMANTES;9600
ESPUMANTE LIASON X1,5 EXTRA BRUT;ESPUMANTES;16800
ESPUMANTE LIASON X750 EXTRA BRUT;ESPUMANTES;9300
ESPUMANTE LOPEZ X 750 EXTRA BRUT;ESPUMANTES;8300
ESPUMANTE LOPEZ X750 BRUT;ESPUMANTES;8300
ESPUMANTE LOPEZ X750 DULCE;ESPUMANTES;8300
ESPUMANTE LOPEZ X750 SUCREE;ESPUMANTES;8300
ESPUMANTE LOS HAROLDOS X 750 BRUT ROSE;ESPUMANTES;8100
ESPUMANTE LOS HAROLDOS X 750 EXTRA BRUT;ESPUMANTES;8100
ESPUMANTE MARIA X 750 BRUT NATURE;ESPUMANTES;9200
ESPUMANTE MARIA X 750 DULCE;ESPUMANTES;9200
ESPUMANTE MARIA X 750 EXTRA BRUT;ESPUMANTES;9200
ESPUMANTE MARIA X 750 HANDCRAFT BRUT;ESPUMANTES;9200
ESPUMANTE MARIA X 750 ROSAT;ESPUMANTES;9200
ESPUMANTE MOET&CHANDON X 750ML;ESPUMANTES;168000
ESPUMANTE MONTCHENOT X750 BRUT NATURE;ESPUMANTES;16400
ESPUMANTE MONTCHENOT X750 EXTRA BRUT;ESPUMANTES;11000
ESPUMANTE MONTCHENOT X750 NATURE;ESPUMANTES;11000
ESPUMANTE MONTCHENOT X750 ROSE;ESPUMANTES;16400
ESPUMANTE MUMM X750 LEGER;ESPUMANTES;9700
ESPUMANTE NAVARRO CORREAS X 750 DULCE;ESPUMANTES;9300
ESPUMANTE NAVARRO CORREAS X 750 EXTRA BRUT;ESPUMANTES;9300
ESPUMANTE NAVARRO CORREAS X 750 NATURE;ESPUMANTES;9300
ESPUMANTE NAVARRO CORREAS X750 BRUT ROSE;ESPUMANTES;9300
ESPUMANTE NIETO SENETINER X750 EXTRA BRUT;ESPUMANTES;9300
ESPUMANTE PARTRIDGE X 750;ESPUMANTES;7400
ESPUMANTE PRIVADO X 750;ESPUMANTES;16500
ESPUMANTE ROSELL BOHER X750 BRUT;ESPUMANTES;26800
ESPUMANTE ROSELL BOHER X750 ENCARNACION;ESPUMANTES;29900
ESPUMANTE ROSELL BOHER X750 GRAND CUVEE;ESPUMANTES;47800
ESPUMANTE ROSELL BOHER X750 ROSE;ESPUMANTES;34700
ESPUMANTE RUTINI X 750 EXTRA BRUT;ESPUMANTES;23200
ESPUMANTE RUTINI X750 BRUT NATURE;ESPUMANTES;33800
ESPUMANTE SALENTEIN X 1500 BRUT NATURE;ESPUMANTES;20500
ESPUMANTE SALENTEIN X 375 BRUT NATURE;ESPUMANTES;6400
ESPUMANTE SALENTEIN X 750 BLANC DE BLANCS;ESPUMANTES;11800
ESPUMANTE SALENTEIN X 750 BRUT NATURE;ESPUMANTES;10800
ESPUMANTE SALENTEIN X 750 BRUT ROSE;ESPUMANTES;10800
ESPUMANTE SALENTEIN X 750 DOUX;ESPUMANTES;10800
ESPUMANTE SALENTEIN X 750 EXTRA BRUT;ESPUMANTES;10800
ESPUMANTE SAMPUTAN X750;ESPUMANTES;9800
ESPUMANTE SPERONE X750 PROSECCO;ESPUMANTES;32300
ESPUMANTE TOSO X750 BRUT ROSE;ESPUMANTES;6900
ESPUMANTE TRUMPETER X 750 EXTRA BRUT;ESPUMANTES;9900
ESPUMANTE TRUMPETER X750 ROSE;ESPUMANTES;9900
ESPUMANTE VEUVE DU VERNAY X200 BRUT ROSE;ESPUMANTES;14800
ESPUMANTE VEUVE DU VERNAY X200 ICE;ESPUMANTES;14800
ESPUMANTE VEUVE DU VERNAY X200 ICE ROSE;ESPUMANTES;14800
ESPUMANTE VEUVE DU VERNAY X750 BRUT ED LIMITADA;ESPUMANTES;35600
ESPUMANTE VEUVE DU VERNAY X750 BRUT ROSE ED LIMITA;ESPUMANTES;35600
ESPUMANTE VEUVE DU VERNAY X750 ICE;ESPUMANTES;35600
ESTUCHE ESPUMANTE CHANDON X2 EXTRABRUT + COPAS;ESPUMANTES;39800
ESTUCHE ESPUMANTE MONTCHENOT X 750 ROSE;ESPUMANTES;18500
ESTUCHE ESPUMANTE SALENTEIN BRUT NATURE X750;ESPUMANTES;13400
ESTUCHE ESPUMANTE SALENTEIN EXTRA BRUT X 750;ESPUMANTES;13400
FRESA FIZZ LA VICTORIA X760;ESPUMANTES;3200
SIDRA 1888 X 750;ESPUMANTES;6900
SIDRA 1930 PERA;ESPUMANTES;4500
SIDRA LA REAL X 750;ESPUMANTES;2900
SIDRA LA VICTORIA X 720 ORIGINAL;ESPUMANTES;2800
SIDRA ZEDRYC X 750 APPLE;ESPUMANTES;7700
SIDRA ZEDRYC X 750 JUICY;ESPUMANTES;7700
AGUA BENEDICTINO X 1.5;GASEOSAS Y JUGOS;1500
AGUA BENEDICTINO X 2 CON GAS;GASEOSAS Y JUGOS;2000
AGUA BENEDICTINO X 500;GASEOSAS Y JUGOS;1007
AGUA GLACIAR X 2 LTS;GASEOSAS Y JUGOS;2000
AGUA VILLA DEL SUR X 1.65;GASEOSAS Y JUGOS;1400
AGUA VILLAVICENCIO X 500;GASEOSAS Y JUGOS;1300
AQUARIUS X 1.5 NARANJA;GASEOSAS Y JUGOS;2400
BAGGIO X 1 NARANJA;GASEOSAS Y JUGOS;1800
BIDON X 5LTS;GASEOSAS Y JUGOS;2700
CEPITA X 1 NARANJA;GASEOSAS Y JUGOS;2900
CEPITA X 1.5  NARANJA;GASEOSAS Y JUGOS;3900
CITRIC X 1;GASEOSAS Y JUGOS;4100
CITRIC X 1 POMELO;GASEOSAS Y JUGOS;4600
FULL SPORT X 500 FRUTAS TROPICALES;GASEOSAS Y JUGOS;1800
GASEOSA 7 UP LATA X 354;GASEOSAS Y JUGOS;1500
GASEOSA 7 UP X 1.5;GASEOSAS Y JUGOS;3000
GASEOSA 7 UP X 1.5 FREE;GASEOSAS Y JUGOS;3000
GASEOSA COCA LATA X 354;GASEOSAS Y JUGOS;1800
GASEOSA COCA X 1.5;GASEOSAS Y JUGOS;3200
GASEOSA COCA X 1.5L ZERO;GASEOSAS Y JUGOS;3200
GASEOSA COCA X 2.25;GASEOSAS Y JUGOS;4200
GASEOSA COCA X 2.25 ZERO;GASEOSAS Y JUGOS;4200
GASEOSA COCA X 3 LTS;GASEOSAS Y JUGOS;5000
GASEOSA COCA X 500;GASEOSAS Y JUGOS;1800
GASEOSA FANTA X 1.5;GASEOSAS Y JUGOS;3200
GASEOSA FANTA X 3 LTS;GASEOSAS Y JUGOS;5000
GASEOSA PASO DE LOS TOROS X 1.5 TONICA;GASEOSAS Y JUGOS;3000
GASEOSA PEPSI LATA X 354;GASEOSAS Y JUGOS;1500
GASEOSA SCHWEPPES X 1.5 POMELO;GASEOSAS Y JUGOS;3200
GASEOSA SCHWEPPES X 1.5 TONICA;GASEOSAS Y JUGOS;3200
GASEOSA SPRITE X 1.5 L;GASEOSAS Y JUGOS;3200
GASEOSA SPRITE X 1.5 ZERO;GASEOSAS Y JUGOS;3200
GASEOSA SPRITE X 2,25 ZERO;GASEOSAS Y JUGOS;4200
GASEOSA SPRITE X 2.25 L;GASEOSAS Y JUGOS;4200
GASEOSA SPRITE X 3 LTS;GASEOSAS Y JUGOS;5000
MONSTER X 473 MANGO;GASEOSAS Y JUGOS;3400
MONSTER X 473 ORIGINAL;GASEOSAS Y JUGOS;3400
MONSTER X 473 PIPELINE PUNCH;GASEOSAS Y JUGOS;3400
MONSTER X 473 ULTRA;GASEOSAS Y JUGOS;3400
RED BULL X250;GASEOSAS Y JUGOS;3100
SODA CIMES X 2 LTS;GASEOSAS Y JUGOS;1400
SPEED X 269;GASEOSAS Y JUGOS;1500
SPEED X 473 ML;GASEOSAS Y JUGOS;2400
SPEED X473 ZERO;GASEOSAS Y JUGOS;2400
TANGO ENERGIZANTE X 473  YERBA MATE;GASEOSAS Y JUGOS;1500
BENCINA ZIPPO X 125ML;HABANOS TABACO  ETC;8600
CORTA HABANOS NEGRO;HABANOS TABACO  ETC;4700
DADOS AZULES;HABANOS TABACO  ETC;600
ENCENDEDOR MAGICLIC;HABANOS TABACO  ETC;6900
ENCENDEDOR MAGICLIC BARATO;HABANOS TABACO  ETC;1100
ENCENDEDOR MAGICLICK TORCH;HABANOS TABACO  ETC;8300
ENCENDEDOR ZENGAZ ESTUCHE;HABANOS TABACO  ETC;13600
ENCENDEDOR ZIPPO AS DE PICAS;HABANOS TABACO  ETC;88400
ENCENDEDOR ZIPPO HARLEY DAVIDSON;HABANOS TABACO  ETC;63400
ENCENDEDOR ZIPPO JACK DANIELS;HABANOS TABACO  ETC;69200
ENCENDEDOR ZIPPO SPECTRUM;HABANOS TABACO  ETC;70400
ENCENDEDORES CON IMAGENES O NUMEROS GRANDES;HABANOS TABACO  ETC;4400
FILTROS TONKING X50U;HABANOS TABACO  ETC;500
FLUIDO PARA ENCENDEDORES CLAER X 150;HABANOS TABACO  ETC;2800
GAS CLAER X 400;HABANOS TABACO  ETC;3600
GAS CLAER X160;HABANOS TABACO  ETC;3000
HABANO AVANTI X5 TOSCANOS;HABANOS TABACO  ETC;6200
HABANO CAJA X3 SOL DE CUBA ROBUSTO;HABANOS TABACO  ETC;13500
HABANO CASA DE GARCIA;HABANOS TABACO  ETC;9500
HABANO DOMINICAN ESTATE CORONA (LARGO);HABANOS TABACO  ETC;10800
HABANO DOMINICAN ESTATE ROBUSTO;HABANOS TABACO  ETC;10800
HABANO GUANTANAMERA ACRILICO X1;HABANOS TABACO  ETC;8500
HABANO JOSE L PIEDRA X1;HABANOS TABACO  ETC;9300
HABANO MACANUDO RED ROBUSTO;HABANOS TABACO  ETC;14000
HABANO MIRANDA AMARILLA ROBUSTO;HABANOS TABACO  ETC;7300
HABANO PARCERO BRASIL X UNIDAD;HABANOS TABACO  ETC;10800
HABANO PHILLIES CLASICO;HABANOS TABACO  ETC;3300
HABANO PHILLIES COGNAC;HABANOS TABACO  ETC;3300
HABANO PHILLIES MIEL HONEY;HABANOS TABACO  ETC;3300
HABANO PHILLIES TITAN;HABANOS TABACO  ETC;3300
HABANO PHILLIES TITAN CHOCOLATE;HABANOS TABACO  ETC;3300
HABANO ROMEO Y JULIETA N1 X 1 UNIDAD;HABANOS TABACO  ETC;31500
HABANO ROMEO Y JULIETA N3 X 1 UNIDAD;HABANOS TABACO  ETC;25500
HABANO SOL DE CUBA ESTUCHE CRISTAL;HABANOS TABACO  ETC;5600
HABANO VILLIGER N7 X 1U;HABANOS TABACO  ETC;4800
HABANOS MINI X 20  GUANTANAMERA;HABANOS TABACO  ETC;27000
HABANOS NEOS MINI X10 CIGARRITOS JAVA;HABANOS TABACO  ETC;11300
HABANOS NEOS MINI X10 CIGARRITOS RED;HABANOS TABACO  ETC;11300
MAQUINA DE ARMADO PLASTICA GIZEH;HABANOS TABACO  ETC;6500
OCB ARMADOR AUTOMATICO;HABANOS TABACO  ETC;17300
OCB FILTRO EXTRASLIM;HABANOS TABACO  ETC;2100
OCB FILTRO REGULAR;HABANOS TABACO  ETC;1800
OCB FILTROS ORGANICOS;HABANOS TABACO  ETC;2400
OCB FILTROS SLIM;HABANOS TABACO  ETC;1800
OCB MAQUINA DE ARMADO METALICA;HABANOS TABACO  ETC;8400
OCB PAPELILLO BAMBOO;HABANOS TABACO  ETC;1100
OCB PAPELILLO BLUE;HABANOS TABACO  ETC;700
OCB PAPELILLO NEGRO;HABANOS TABACO  ETC;1100
OCB PAPELILLO ORGANICO;HABANOS TABACO  ETC;1100
PAPEL CELULOSA TONKING;HABANOS TABACO  ETC;825
PAPELILLO LIBELLA MAS CORTO;HABANOS TABACO  ETC;900
PAPELILLO STAMPS CELULOSA;HABANOS TABACO  ETC;1600
PAPELILLO TONKING X 500 HOJAS;HABANOS TABACO  ETC;3400
PICADOR 4 PARTES CALAVERA ARCOIRIS;HABANOS TABACO  ETC;20300
PICADOR 4 PARTES GIGANTE NEGRO;HABANOS TABACO  ETC;29250
PICADOR CHICO ATOMIC;HABANOS TABACO  ETC;9300
PICADOR ESFERICO;HABANOS TABACO  ETC;16100
PIEDRA CERIUM RUEDA PARA ENCENDEDOR;HABANOS TABACO  ETC;1800
PIPA BOLA 8;HABANOS TABACO  ETC;6800
PIPA CURVA CAOBA TONKING;HABANOS TABACO  ETC;6750
PIPA CURVA LABRADA TONKING;HABANOS TABACO  ETC;6750
PIPA CURVA NATURAL TONKING;HABANOS TABACO  ETC;6750
PIPA SIR ALEX;HABANOS TABACO  ETC;16500
PORTACIGARROS 3 RAYOS;HABANOS TABACO  ETC;1500
STAMPS ARMADOR AUTOMATICO;HABANOS TABACO  ETC;9800
TABACO ARGENTO PIPA X 50 NATURAL;HABANOS TABACO  ETC;10200
TABACO ARGENTO PIPA X 50 VAINILLA;HABANOS TABACO  ETC;10200
TABACO ARGENTO PIPA X 50 WHISKY Y CHOCOLATE;HABANOS TABACO  ETC;10200
TABACO ARGENTO X 40 NEGRO;HABANOS TABACO  ETC;7500
TABACO CAMAGUEY X 50;HABANOS TABACO  ETC;11300
TABACO CERRITO BROWN;HABANOS TABACO  ETC;7000
TABACO CERRITO ORIGINAL;HABANOS TABACO  ETC;7000
TABACO CERRITO SILVER;HABANOS TABACO  ETC;7000
TABACO CERRITO YELLOW;HABANOS TABACO  ETC;7000
TABACO CHOICE X30 GR COOL MINT #15;HABANOS TABACO  ETC;8700
TABACO CHOICE X30 GR DARK CHOCOLATE #16;HABANOS TABACO  ETC;8700
TABACO CHOICE X30 ORIGINAL #01;HABANOS TABACO  ETC;8700
TABACO CHOICE X30 VAINILLA #02;HABANOS TABACO  ETC;8700
TABACO CHOICE X30GR DOBLE VAINILLA #225;HABANOS TABACO  ETC;8700
TABACO CHOICE X30GR ORANGE CHOCOLATE #31;HABANOS TABACO  ETC;8700
TABACO FLANDRIA GOLD;HABANOS TABACO  ETC;8600
TABACO FLANDRIA SILVER;HABANOS TABACO  ETC;8600
TABACO FLANDRIA VAINILLA;HABANOS TABACO  ETC;8600
TABACO GOLDEN VIRGINIA X 30;HABANOS TABACO  ETC;10800
TABACO LAS HOJAS 50GR;HABANOS TABACO  ETC;5800
TABACO LAS HOJAS CHOCOLATE;HABANOS TABACO  ETC;7200
TABACO LAS HOJAS NATURAL;HABANOS TABACO  ETC;7200
TABACO LAS HOJAS UVA;HABANOS TABACO  ETC;7200
TABACO LAS HOJAS VAINILLA;HABANOS TABACO  ETC;7200
TABACO MANITOU MARRON ORIGINAL VIRGEN;HABANOS TABACO  ETC;8600
TABACO SAINTS 50 GR NATUR CELESTE;HABANOS TABACO  ETC;11300
TABACO SAINTS 50GR VIRGINIA VERDE;HABANOS TABACO  ETC;11300
TABACO SAUVAGE BY FLANDRIA;HABANOS TABACO  ETC;8600
TABACO SAYRI CLARO 30GR;HABANOS TABACO  ETC;9400
TABACO SAYRI ORIGINAL;HABANOS TABACO  ETC;9400
TABACO VAN HAASEN X 30 GR NATIVO;HABANOS TABACO  ETC;8000
TABACO VAN HAASEN X 30 GR ORIGINAL BLEND;HABANOS TABACO  ETC;8000
TABACO VAN HAASEN X30 GR MENTA;HABANOS TABACO  ETC;8000
TABACO VAN KIFF X30 GR NATIVE;HABANOS TABACO  ETC;7100
TABACO VAN KIFF X30GR CHERRY;HABANOS TABACO  ETC;7100
TONKING MAQUINA DE ARMAR DE PLASTICO;HABANOS TABACO  ETC;2500
ZIPPO MECHAS;HABANOS TABACO  ETC;3200
ZIPPO PIEDRAS;HABANOS TABACO  ETC;3200
MANI EL FARO X 5KG;SNACKS CERRADOS;29200
MANI LUCKY X 1KG PIZZA;SNACKS CERRADOS;7100
MANI LUCKY X 1KG SALAME;SNACKS CERRADOS;7100
MANI LUCKY X1KG JAMON;SNACKS CERRADOS;7100
MANI TOSTADO PELADO EL FARO X200;SNACKS CERRADOS;1600
PALITOS KRACHITOS X500 CLASICO;SNACKS CERRADOS;6100
PALITOS KRACHITOS X500 QUESO;SNACKS CERRADOS;6100
PAPAS KRACHITOS AMERICANAS X 420;SNACKS CERRADOS;8100
PAPAS KRACHITOS JAMON SERRANO X 330;SNACKS CERRADOS;6200
PAPAS KRACHITOS TRADICIONAL X 420;SNACKS CERRADOS;8100
PAPAS PRINGLES X 104 ORIGINAL;SNACKS CERRADOS;5500
PAPAS PRINGLES X 105 CHEDDAR Y BACON;SNACKS CERRADOS;5500
PAPAS PRINGLES X 109 CREMA Y CEBOLLA;SNACKS CERRADOS;5500
PAPAS PRINGLES X 109 QUESO;SNACKS CERRADOS;5500
PAPAS PRINGLES X 37 ORIGINAL;SNACKS CERRADOS;2700
PAPAS PRINGLES X 47 CHEDDAR;SNACKS CERRADOS;2700
PAPAS PRINGLES X37 CREMA Y CEBOLLA;SNACKS CERRADOS;2700
COMBO BEEFEATER + SCHWEPPES 1.5;VARIOS;21600
COMBO BRIGHTON + SCHWEPPES 1.5;VARIOS;9400
COMBO CARPANO + SODA 1.5;VARIOS;8600
COMBO FERNET 750 + COCA 1,5;VARIOS;16500
COMBO GIN BLU + PASO DE LOS TOROS 1,5;VARIOS;15900
COMBO GIN MERLE + TONICA;VARIOS;10200
COMBO HAVANA + COCA 1.5;VARIOS;14900
COMBO JAMESON + SPRITE 1.5;VARIOS;28900
COMBO MALIBU + BAGGIO 1LT;VARIOS;13500
COMBO SERNOVA TODOS + 2 SPEED CHICO;VARIOS;9500
ESTUCHE FERNET + FERNET MENTA;VARIOS;25000
ESTUCHE FERNET X 750 + VASO DE VIDRIO;VARIOS;21000
ESTUCHE VINO ANGELICA ZAPATA X 750 MALBEC;VINOS;39300
ESTUCHE VINO ANIMAL X6;VINOS;79800
ESTUCHE VINO BRESSANO X750 MALBEC;VINOS;56400
ESTUCHE VINO CUPRA X1500 GRAN CORTE;VINOS;100900
ESTUCHE VINO CUPRA X1500 GRAN MALBEC;VINOS;100900
ESTUCHE VINO CUPRA X1500 ROSE;VINOS;100900
ESTUCHE VINO CUPRA X3 GRAN CORTE;VINOS;116000
ESTUCHE VINO CUPRA X3 MAL-CORTE-ROSE;VINOS;116000
ESTUCHE VINO DON ESCORIHUELA X750 ROBLE;VINOS;77200
ESTUCHE VINO DV CATENA CABERNET MALBEC X2;VINOS;35000
ESTUCHE VINO ESCORIHUELA GASCON X3 MAL-CS-S;VINOS;35600
ESTUCHE VINO ESCORIHUELA PEQUEÒAS PROD X750 MALB;VINOS;32600
ESTUCHE VINO ESCORIHUELA X2 VINOS MAL Y CAB;VINOS;25700
ESTUCHE VINO ESCORIHUELA X750 MALBEC;VINOS;17000
ESTUCHE VINO FAMILIA GASCON ROBLE X750 MALBEC;VINOS;10700
ESTUCHE VINO FAMILIA GASCON X750 MALBEC;VINOS;8400
ESTUCHE VINO LAS PERDICES X 3 BOTELLAS;VINOS;29300
ESTUCHE VINO MAAL X1.5 MAALISMO;VINOS;87800
ESTUCHE VINO MAAL X3 MALBEC;VINOS;91800
ESTUCHE VINO RUTINI CABERNET-MALBEC 1 X 750;VINOS;22700
ESTUCHE VINO RUTINI X 2 CABERNET - MALBEC;VINOS;35800
ESTUCHE VINO SAINT FELICIEN NOE X 4 BLEND 2021;VINOS;106400
ESTUCHE VINO SAINT FELICIEN X2 VINOS;VINOS;32000
ESTUCHE VINO SAINT FELICIEN X750 MALBEC;VINOS;16000
ESTUCHE VINO TRUMPETER 1 X 750 MALBEC;VINOS;11500
ESTUCHE VINO TRUMPETER MALBEC DOBLE X 750;VINOS;21500
ESTUCHE VINO UNIVERSO PARALELO X1500 BLEND;VINOS;164600
ESTUCHE VINO UNIVERSO PARALELO X1500 MALBEC;VINOS;164600
ESTUCHE VINO UNIVERSO PARALELO X4;VINOS;147000
MOSCATO CROTTA X 930;VINOS;4000
NESCAFE DOLCA X170GR;VINOS;9100
OPORTO CROTTA X750;VINOS;5100
TABACO DON JOSE NEGRO;VINOS;5300
VERMUT VERMUCHE X 750;VINOS;8200
VINO 4000 RESERVA X 750 MALBEC;VINOS;7400
VINO AGUIJON DE ABEJA OBRERA X 750 BLEND BLANCO;VINOS;16800
VINO AGUIJON DE ABEJA OBRERA X 750 CABERNET FRANC;VINOS;16800
VINO AGUIJON DE ABEJA OBRERA X 750 MALBEC;VINOS;16800
VINO AGUIJON DE ABEJA REINA X750 BLANCO;VINOS;20900
VINO AGUIJON DE ABEJA REINA X750 CABERNET FRANC;VINOS;20900
VINO AGUIJON DE ABEJA REINA X750 MALBEC;VINOS;20900
VINO ALAMBRADO X 750 MALBEC;VINOS;8100
VINO ALAMOS X 750 MALBEC;VINOS;5300
VINO ALBAFLOR X 750 MALBEC SINGLE VINEYARD;VINOS;16000
VINO ALBAFLOR X 750 TORRONTES;VINOS;6000
VINO ALEGORIA GRAN RESERVA X 750 MALBEC;VINOS;13300
VINO ALMA MORA X 750 MALBEC;VINOS;5000
VINO ALMA MORA X 750 RESERVA MALBEC;VINOS;5600
VINO ALMA NEGRA X750 ORANGE;VINOS;34600
VINO ALMA NEGRA X750 TINTO;VINOS;21700
VINO ALTA VISTA ESTATE X750 CABERNET FRANC;VINOS;8400
VINO ALTA VISTA ESTATE X750 CABERNET SAUVIGNON;VINOS;8400
VINO ALTA VISTA ESTATE X750 CHARDONNAY;VINOS;8400
VINO ALTA VISTA ESTATE X750 MALBEC;VINOS;8400
VINO ALTA VISTA VIVE X750 CABERNET SAUVIGNON;VINOS;6300
VINO ALTA VISTA VIVE X750 CHARDONNAY;VINOS;6300
VINO ALTA VISTA VIVE X750 MALBEC;VINOS;6300
VINO ALTA VISTA VIVE X750 RED BLEND;VINOS;6300
VINO ALTA VISTA VIVE X750 ROSE;VINOS;6300
VINO ALTALAND X 750 PINOT;VINOS;11900
VINO ALTALAND X750 CABERNET SAUVIGNON;VINOS;11900
VINO ALTALAND X750 MERLOT;VINOS;11900
VINO ALTALAND X750 SYRAH;VINOS;11900
VINO ALTOSUR X 750 MALBEC;VINOS;6700
VINO ALZAMORA X750 MALBEC;VINOS;9500
VINO ANGELICA ZAPATA X 750 CABERNET FRANC;VINOS;19800
VINO ANGELICA ZAPATA X 750 CABERNET SAUVIGNON;VINOS;19800
VINO ANGELICA ZAPATA X 750 MALBEC 2021;VINOS;24400
VINO ANIMAL X 750 CABERNET SAUVIGNON;VINOS;12300
VINO ANIMAL X 750 MALBEC;VINOS;12300
VINO ANIMAL X750 CRIOLLA;VINOS;12300
VINO ANTONIETA X 750 ROSE;VINOS;12600
VINO AQUI ESTAMOS TODOS LOCOS X 750 BUONAMICO;VINOS;7700
VINO AQUI ESTAMOS TODOS LOCOS X 750 GARNACHA TINTA;VINOS;7700
VINO AQUI ESTAMOS TODOS LOCOS X750 GARNACHA ROSADA;VINOS;5700
VINO AQUI ESTAMOS TODOS LOCOS X750 GRAN RSV 2018;VINOS;16100
VINO AQUI ESTAMOS TODOS LOCOS X750 MATICHA;VINOS;7700
VINO AQUI ESTAMOS TODOS LOCOS X750 TEMPRA_ANCELLO;VINOS;6700
VINO ARAUCANA X 750 MALBEC;VINOS;26700
VINO ARAUCANA X 750 PINOT;VINOS;26700
VINO ARUMA X750 MALBEC;VINOS;19800
VINO AS DE CORAZON X750 MALBEC;VINOS;5200
VINO AS DE PICAS X 750;VINOS;6600
VINO AZZONI X750 MALBEC;VINOS;11900
VINO BRESSANO X 750 CHARDONNAY;VINOS;38600
VINO BRESSANO X 750 MALBEC;VINOS;38600
VINO BRESSIA LAGRIMA CANELA X 750;VINOS;24500
VINO BRESSIA PIEL NEGRA X 750 PINOT;VINOS;30100
VINO BRIDGES X750 BLEND;VINOS;16700
VINO CALLEJON DEL CRIMEN X 750 GRAN RVA CAB FRANC;VINOS;12700
VINO CALLEJON DEL CRIMEN X750 GRAN RESERVA MALBEC;VINOS;12700
VINO CALLEJON DEL CRIMEN X750 RESERVA CAB FRA;VINOS;9100
VINO CALLEJON DEL CRIMEN X750 RESERVA MALBEC;VINOS;9100
VINO CALLEJON DEL CRIMEN X750 SANGIOVESE ROSE;VINOS;9100
VINO CALLIA X 750 CABERNET SAUVIGNON;VINOS;4000
VINO CALLIA X 750 CHARDONNAY;VINOS;4300
VINO CALLIA X 750 CRIOLLA;VINOS;4300
VINO CALLIA X 750 MALBEC;VINOS;4000
VINO CALLIA X 750 MERLOT;VINOS;4000
VINO CALLIA X 750 SAUVIGNON BLANC;VINOS;4300
VINO CALLIA X 750 SYRAH;VINOS;4000
VINO CALLIA X 750 SYRAH CABERNET;VINOS;4000
VINO CALLIA X 750 SYRAH MALBEC;VINOS;4000
VINO CALLIA X 750 TARDIO BLANCO DULCE;VINOS;3800
VINO CALLIA X 750 TARDIO ROSADO DULCE;VINOS;3800
VINO CALLIA X 750 TARDIO TINTO DULCE;VINOS;3800
VINO CALLIA X375 MALBEC;VINOS;2700
VINO CALLIA X750 ROSE SYRAH;VINOS;4000
VINO CASA BOHER AGRELO X 750 MALBEC;VINOS;12000
VINO CASA BOHER SAN PABLO X 750 MALBEC;VINOS;12000
VINO CASA BOHER X 750 GRAN CORTE;VINOS;42700
VINO CASA BOHER X 750 GRAN RESERVA BLEND;VINOS;30200
VINO CASA BOHER X 750 GRAN VIOGNIER;VINOS;30200
VINO CASA BOHER X 750 MALBEC;VINOS;9700
VINO CASA BOHER X 750 MERLOT;VINOS;9700
VINO CASA BOHER X 750 ROSE;VINOS;9700
VINO CASA BOHER X750 CABERNER FRANC;VINOS;9700
VINO CASA BOHER X750 CABERNET SAUVIGNON;VINOS;9700
VINO CASA DE HERRERO X 750 CABERNET FRANC;VINOS;10900
VINO CASA DE HERRERO X 750 MALBEC;VINOS;10900
VINO CASA DE HERRERO X 750 PINOT;VINOS;10900
VINO CASA DE HERRERO X 750 ROSE;VINOS;10900
VINO CASA DE HERRERO X750 CORTE DE BLANCAS;VINOS;10900
VINO CASILLERO DEL DIABLO X 750 MALBEC;VINOS;6200
VINO CASONA LOPEZ X750 MALBEC;VINOS;8300
VINO CATENA ZAPATA BIRTH OF CABERNET X750;VINOS;68700
VINO CATENA ZAPATA MALBEC ARGENTINO X750;VINOS;58500
VINO CAYADO X 750 MALBEC;VINOS;5500
VINO CHACABUCO X 500 CHENIN DULCE;VINOS;5200
VINO CHACABUCO X 750 CHENIN DULCE;VINOS;5900
VINO CHACABUCO X 750 MALBEC;VINOS;4200
VINO CHACABUCO X 750 SAUVIGNON BLANC;VINOS;4200
VINO CHACABUCO X 750 TORRONTES;VINOS;4200
VINO CHACABUCO X 750 VIOGNIER;VINOS;4200
VINO CHATEAU SUBSONICO X750 ANCELOTTA - MALBEC;VINOS;8000
VINO CHATEAU SUBSONICO X750 CABERNET - MALBEC;VINOS;8000
VINO CHATEAU SUBSONICO X750 MERLOT - MALBEC;VINOS;8000
VINO CHATEAU SUBSONICO X750 NARANJO;VINOS;8000
VINO CHATEAU SUBSONICO X750 PEDRO GIMENEZ;VINOS;8000
VINO CHATEAU SUBSONICO X750 PETIT VERDOT - MALBEC;VINOS;8000
VINO CHATEAU VIEUX CHARDONNAY GR X750;VINOS;12900
VINO CHATEAU VIEUX X750 BLEND TINTO;VINOS;12200
VINO CHATEAU VIEUX X750 MALBEC;VINOS;12200
VINO CIRCUS ROBLE X 750 RED BLEND;VINOS;4200
VINO CLANDESTINO X 750 MALBEC;VINOS;7400
VINO CLOS DE LOS SIETE X750 MALBEC;VINOS;15600
VINO COLECCION ARTISTICA X750 BARROCO;VINOS;14700
VINO COLECCION ARTISTICA X750 IMPRESIONISMO;VINOS;14700
VINO COLECCION ARTISTICA X750 SURREALISMO;VINOS;14700
VINO COLECCION PRIVADA X 750 MALBEC;VINOS;5900
VINO CONEJO VERDE X 500 CHENIN DULCE;VINOS;5600
VINO CONEJO VERDE X 750 BLANC DE BLANCS;VINOS;5700
VINO CONEJO VERDE X 750 CHENIN DULCE;VINOS;7500
VINO CONEJO VERDE X 750 MALBEC;VINOS;5700
VINO CONEJO VERDE X 750 MALBEC BAJO ALCOHOL;VINOS;5700
VINO CONEJO VERDE X 750 ROSE;VINOS;7500
VINO CONTRACARA X 750 BLEND;VINOS;6000
VINO CONTRACARA X750 MALBEC;VINOS;6000
VINO CORAZON VALIENTE X 750 BLANCO BLEND;VINOS;10200
VINO CORAZON VALIENTE X 750 MERLOT-CABERNET;VINOS;10200
VINO CORAZON VALIENTE X750 BONARDA;VINOS;10200
VINO CORAZON VALIENTE X750 CABERNET SAUVIGNON;VINOS;10200
VINO CORAZON VALIENTE X750 CHARDONNAY;VINOS;10200
VINO CORAZON VALIENTE X750 CLARETE ROSADO;VINOS;10200
VINO CORAZON VALIENTE X750 MALBEC;VINOS;10200
VINO CORDERO BIB X3 MALBEC;VINOS;13600
VINO CORDERO X 750 MALBEC;VINOS;4300
VINO COSECHA TARDIA X 750 BLANCO;VINOS;3900
VINO CREACION RESERVA X750 TODOS;VINOS;8000
VINO CRIOLLA ARGENTINA X 750 MOSCATEL NARANJO;VINOS;4700
VINO CRIOLLA ARGENTINA X750 BLANCO;VINOS;4700
VINO CRIOLLA ARGENTINA X750 CHICA RESERVA;VINOS;9200
VINO CRIOLLA ARGENTINA X750 CRIOLLA GRANDE TINTO;VINOS;4700
VINO CRIOLLA ARGENTINA X750 ROSADO;VINOS;4700
VINO CRIOLLA ARGENTINA X750 ROSADO CANELA;VINOS;9200
VINO CUATRO MONOS X750 MALBEC;VINOS;3500
VINO CUCHILLO DE PALO X 750 CABERNET FRANC;VINOS;13100
VINO CUCHILLO DE PALO X 750 CORTE DE BLANCAS;VINOS;15000
VINO CUCHILLO DE PALO X 750 MALBEC;VINOS;13100
VINO CUCHILLO DE PALO X 750 PINOT;VINOS;15000
VINO CUNA DE PIEDRA ESTATE X750 MARSELAN;VINOS;14600
VINO CUPRA X 750 GRAN CORTE;VINOS;47900
VINO CUPRA X 750 GRAN MALBEC;VINOS;46600
VINO CUPRA X 750 INCORONATA ROSE;VINOS;43900
VINO DECIMO X750 ANCELLOTTA;VINOS;16200
VINO DEMENCIAL X750 MALBEC;VINOS;12300
VINO DESIERTO 25 X750 BLEND;VINOS;11900
VINO DESIERTO 25 X750 CABERNET FRANC;VINOS;13400
VINO DESQUICIADO X 750 GARNACHA;VINOS;12100
VINO DESQUICIADO X 750 MALBEC;VINOS;12100
VINO DON BICHO X750 BLEND NATURAL;VINOS;15300
VINO DON BICHO X750 CABERNET FRANC NATURAL;VINOS;15300
VINO DON BICHO X750 MALBEC NATURAL;VINOS;15300
VINO DON DAVID RESERVA X 750 MALBEC;VINOS;8900
VINO DON DAVID X 750 MALBEC;VINOS;6300
VINO DON ESCORIHUELA X750 MALBEC;VINOS;59900
VINO DON VALENTIN LACRADO X 750;VINOS;3300
VINO DOS PUENTES BARREL SELECT X 750 ROS…;VINOS;10600
VINO DOS PUENTES BARREL SELECT X750 RED BLEND;VINOS;10600
VINO DOS PUENTES BARRELL SELECT X 750 CHARDONNAY;VINOS;10600
VINO DOS PUENTES ESTATE X 750 MALBEC;VINOS;8600
VINO DOS PUENTES ESTATE X750 CABERNET SAUVIGNON;VINOS;8600
VINO DOS PUENTES GRAN SUMMIT  X750 MALBEC;VINOS;26600
VINO DOS PUENTES GRAN SUMMIT X750 CAB FRANC;VINOS;26600
VINO DOS PUENTES RESERVA X 750 MALBEC;VINOS;12700
VINO DOS PUENTES RESERVA X750 CABERNET FRANC;VINOS;12700
VINO DOS PUENTES RESERVA X750 CABERNET SAUVIGNON;VINOS;12700
VINO DOÒA PAULA ESTATE X750 MALBEC;VINOS;7400
VINO DV CATENA ADRIANA X 750 MALBEC;VINOS;25300
VINO DV CATENA EXPLORATORE X 750 LA RIOJA;VINOS;18100
VINO DV CATENA EXPLORATORE X 750 SALTA;VINOS;18100
VINO DV CATENA X 750 CABERNET-CABERNET;VINOS;16900
VINO DV CATENA X 750 CABERNET-MALBEC;VINOS;11900
VINO DV CATENA X 750 CHARDONNAY;VINOS;14100
VINO DV CATENA X 750 MALBEC-MALBEC;VINOS;16300
VINO EJES X 750 ASPIRANT-TEMPRANILLO;VINOS;10200
VINO EJES X750 BLEND;VINOS;7300
VINO EJES X750 MALBEC;VINOS;7300
VINO EJES X750 NARANJO;VINOS;10200
VINO EJES X750 RESERVA TANNAT;VINOS;10200
VINO EJES X750 ROSADO DULCE TANNAT;VINOS;10200
VINO EL BAUTISMO X 750 MALBEC;VINOS;4400
VINO EL CAZADOR X 750 MALBEC;VINOS;4100
VINO EL ENEMIGO X 750 BONARDA;VINOS;19100
VINO EL ENEMIGO X 750 CABERNET FRANC;VINOS;19100
VINO EL ENEMIGO X 750 CHARDONNAY;VINOS;19100
VINO EL ENEMIGO X 750 MALBEC;VINOS;19100
VINO EL ESPIA X 750 CAPITULO PRIMERO;VINOS;8100
VINO EL ESPIA X 750 GRAN FINAL;VINOS;10000
VINO EL ESPIA X 750 GRAN MALBEC;VINOS;11800
VINO EL ESTECO BLEND DE EXTREMOS X 750;VINOS;11500
VINO EL ESTECO OLD VINES X 750 MALBEC;VINOS;17500
VINO EL ESTECO X 750 MALBEC;VINOS;14000
VINO EL PSICOANALISTA X750 MALBEC;VINOS;7800
VINO ELEMENTOS X 750 CHARDONNAY;VINOS;4300
VINO ELEMENTOS X 750 MALBEC;VINOS;4300
VINO EMILIA X 750 DULCE NATURAL;VINOS;7200
VINO EMILIA X750 MALBEC;VINOS;6800
VINO EMILIA X750 ROSADO DULCE;VINOS;7200
VINO ESCORIHUELA GRAN RESERVA X750 CABERNET SAUVIG;VINOS;13700
VINO ESCORIHUELA GRAN RESERVA X750 MALBEC;VINOS;13700
VINO ESCORIHUELA GRAN RESERVA X750 ROSE;VINOS;13700
VINO ESCORIHUELA PEQUE—AS PRODUCCIONES X750 BLANC;VINOS;24700
VINO ESCORIHUELA PEQUE—AS PRODUCCIONES X750 CHARDO;VINOS;24700
VINO ESCORIHUELA PEQUE—AS PRODUCCIONES X750 PINOT;VINOS;24700
VINO ESCORIHUELA PEQUEÒAS PRODUCCIONES X 750 HARV;VINOS;24700
VINO ESCORIHUELA PEQUEÒAS PRODUCCIONES X750 CAB FR;VINOS;24700
VINO ESCORIHUELA PEQUEÒAS PRODUCCIONES X750 CAB SA;VINOS;24700
VINO ESCORIHUELA PEQUEÒAS PRODUCCIONES X750 MALBEC;VINOS;24700
VINO ESCORIHUELA PEQUEÒAS PRODUCCIONES X750 SYRAH;VINOS;24700
VINO ESCORIHUELA X750 CABERNET FRANC;VINOS;8700
VINO ESCORIHUELA X750 CABERNET SAUVIGNON;VINOS;8700
VINO ESCORIHUELA X750 CHARDONNAY;VINOS;8700
VINO ESCORIHUELA X750 MALBEC;VINOS;8700
VINO ESCORIHUELA X750 MALBEC CABERNET;VINOS;8700
VINO ESCORIHUELA X750 PINOT NOIR;VINOS;8700
VINO ESCORIHUELA X750 SANGIOVESE;VINOS;8700
VINO ESCORIHUELA X750 SAUVIGNON BLANC;VINOS;8700
VINO ESCORIHUELA X750 SYRAH;VINOS;8700
VINO ESENCIAL X750 NARANJO PEDRO XIMENEZ;VINOS;13300
VINO ESPERADO X 750 CABERNET SAUVIGNON;VINOS;4400
VINO ESPERADO X 750 DULCE TARDIO;VINOS;4400
VINO ESPERADO X 750 MALBEC;VINOS;4400
VINO ETCHART X 750 MALBEC;VINOS;14100
VINO ETCHART X 750 PETIT VERDOT;VINOS;14100
VINO EXTRAVIADO RESERVA X750 MALBEC;VINOS;9000
VINO FABRE MONTMAYOU GRAN RESERVA X 750 CABERNET;VINOS;16900
VINO FABRE MONTMAYOU GRAN RESERVA X 750 MALBEC;VINOS;16900
VINO FABRE MONTMAYOU GRAND VIN X 750 BLEND;VINOS;35100
VINO FABRE MONTMAYOU TERRUÒO X750ML MALBEC;VINOS;11200
VINO FABRE MONTMAYOU X 1,5L RESERVA MALBEC;VINOS;14900
VINO FABRE MONTMAYOU X750 MALBEC;VINOS;7300
VINO FAIR FOR LIFE X 750 MALBEC;VINOS;4600
VINO FAMIGLIA BANNO X 750 BLEND 2019;VINOS;8500
VINO FAMIGLIA BIANCHI X750 CABERNET FRANC;VINOS;6400
VINO FAMIGLIA BIANCHI X750 CRIOLLA;VINOS;6400
VINO FAMILIA GASCON ROBLE X750 CABERNET SAUVIGNON;VINOS;6500
VINO FAMILIA GASCON ROBLE X750 CHARDONNAY;VINOS;6500
VINO FAMILIA GASCON ROBLE X750 MALBEC;VINOS;6500
VINO FAMILIA GASCON ROBLE X750 RED BLEND;VINOS;6500
VINO FAMILIA GASCON X750 BLANCO DULCE;VINOS;5500
VINO FAMILIA GASCON X750 CABERNET SAUVIGNON;VINOS;5500
VINO FAMILIA GASCON X750 CHARDONNAY;VINOS;5500
VINO FAMILIA GASCON X750 MALBEC;VINOS;5500
VINO FAMILIA GASCON X750 RED BLEND;VINOS;5500
VINO FAMILIA GASCON X750 ROSE;VINOS;5500
VINO FAMILIA GASCON X750 SYRAH;VINOS;5500
VINO FAMILIA GASCON X750 TEMPRANILLO;VINOS;5500
VINO FAUSTO X 750 MALBEC;VINOS;10900
VINO FAUSTO X 750 MALBEC CABERNET FRANC;VINOS;10900
VINO FERUS X 750 BLANCS DE BLANCS;VINOS;9000
VINO FERUS X 750 MALBEC;VINOS;9000
VINO FESTIVO X750 MALBEC;VINOS;10200
VINO FESTIVO X750 ROSE;VINOS;10200
VINO FIN DEL MUNDO RESERVA X750 PINOT;VINOS;7600
VINO FINCA EL PEHUEN GRAN RESERVA X 750 MALBEC;VINOS;13300
VINO FINCA EL PEHUEN LEGADO X 750 MALBEC;VINOS;12800
VINO FINCA EL PEHUEN RESERVA X 750 CAB FRANC;VINOS;11700
VINO FINCA EL PEHUEN RESERVA X 750 CAB SAU;VINOS;11700
VINO FINCA EL PEHUEN RESERVA X 750 MALBEC;VINOS;11700
VINO FINCA EL PEHUEN RESERVA X 750 MERLOT;VINOS;11700
VINO FINCA EL REPARO RESERVA X 750 CABERNET FRANC;VINOS;7100
VINO FINCA EL REPARO RESERVA X 750 CABERNET SAUVI;VINOS;7100
VINO FINCA EL REPARO RESERVA X 750 SAUVIGNON BLAN;VINOS;7100
VINO FINCA GABRIEL X 750 DULCE BLANCO;VINOS;5000
VINO FINCA GABRIEL X 750 MALBEC;VINOS;4700
VINO FINCAS NOTABLES X 750 MALBEC;VINOS;23200
VINO FINJAMOS DEMENCIA X750 BLEND;VINOS;3800
VINO FINJAMOS DEMENCIA X750 MALBEC;VINOS;3800
VINO FOND DE CAVE GRAN RESERVA X 750 MALBEC;VINOS;17700
VINO FOND DE CAVE RESERVA X 750 CABERNET;VINOS;8600
VINO FOND DE CAVE RESERVA X 750 CABERNET FRANC;VINOS;8600
VINO FOND DE CAVE RESERVA X 750 MALBEC;VINOS;8600
VINO FOND DE CAVE X 750 MALBEC;VINOS;6100
VINO FOND DE CAVE X750 CABERNET;VINOS;6100
VINO FOW  X750 SAUVIGNON BLANC;VINOS;9500
VINO FOW OPTIMO X750 BLEND;VINOS;32200
VINO FOW X 750 ROS… BLEND;VINOS;9500
VINO FOW X750 CABERNET FRANC;VINOS;9500
VINO FOW X750 CABERNET SAUVIGNON;VINOS;9500
VINO FOW X750 MALBEC;VINOS;9500
VINO FUEGO NEGRO X750 MALBEC;VINOS;4000
VINO FUEGO NEGRO X750 SAUVIGNON VIOGNIER;VINOS;4400
VINO GRAN ENEMIGO X750 AGRELO;VINOS;39200
VINO GRAN ENEMIGO X750 BLEND 2015;VINOS;39200
VINO GRAN ENEMIGO X750 CEPILLO;VINOS;39200
VINO GRAN ENEMIGO X750 CHACAYES;VINOS;39200
VINO GRAN ENEMIGO X750 GUALTALLARY;VINOS;42900
VINO GRAN FAMIGLIA BIANCHI X750 MALBEC;VINOS;12100
VINO GRAN FAMIGLIA X750 CORTE;VINOS;12100
VINO GRAN MASCOTA X 750 MALBEC;VINOS;15400
VINO HAARTH ECOTIERRA X750 CHENIN DULCE;VINOS;7200
VINO HAARTH ECOTIERRA X750 MALBEC MERLOT;VINOS;5100
VINO HAARTH X750 BONARDA;VINOS;6600
VINO HAARTH X750 CABERNET SAUVIGNON;VINOS;6600
VINO HAARTH X750 MALBEC;VINOS;6600
VINO HERMANDAD WM SERIES X 750 CABERNET FRANC;VINOS;29300
VINO HERMANDAD WM SERIES X 750 PETIT VERDOT;VINOS;29300
VINO HERMANDAD WM SERIES X 750 PINOT NOIR;VINOS;29300
VINO HERMANDAD WM SERIES X 750 SANGIOVESE;VINOS;29300
VINO HERMANDAD WM SERIES X750 BONARDA;VINOS;29300
VINO HERMANDAD X 1.5 BLEND;VINOS;36600
VINO HERMANDAD X 750 BLEND;VINOS;18500
VINO HERMANDAD X 750 CHARDONNAY;VINOS;18500
VINO HERMANDAD X 750 MALBEC;VINOS;18500
VINO HERMANDAD X 750 MERLOT;VINOS;18500
VINO HINOJOSA GRAN RESERVA X750 MALBEC;VINOS;20900
VINO HINOJOSA RESERVA X 750 BLEND;VINOS;10700
VINO HINOJOSA RESERVA X 750 MALBEC;VINOS;10700
VINO HINOJOSA X 750 CABERNET;VINOS;7900
VINO HINOJOSA X 750 MALBEC;VINOS;7900
VINO HINOJOSA X 750 TEMPRANILLO;VINOS;7900
VINO HJ FABRE ASSAMBLAGE X750 MALBEC MERLOT;VINOS;7100
VINO HJ FABRE RESERVA X750 MALBEC PETIT;VINOS;7100
VINO HORMIGA NEGRA REINA X 750 BLEND;VINOS;3500
VINO HORMIGA NEGRA X750 MALBEC;VINOS;2500
VINO HORMIGA NEGRA X750 ROSE DULCE;VINOS;2800
VINO HORMIGA NEGRA X750 SWEET;VINOS;2800
VINO IMPERIAL STAG RESERVA X750 CABERNET FRANC;VINOS;45200
VINO IMPERIAL STAG RESERVA X750 ICONIC RED;VINOS;31300
VINO IMPERIAL STAG RESERVA X750 MALBEC;VINOS;35000
VINO IMPERIAL STAG RESERVA X750 MALBEC ROS…;VINOS;17200
VINO IMPERIAL STAG X 750 SEMILLON;VINOS;27000
VINO ISCAY X 750 BLEND;VINOS;56200
VINO KAIKEN ESTATE X750 CABERNET SAUVIGNON;VINOS;8700
VINO KAIKEN ESTATE X750 MALBEC;VINOS;8700
VINO KAIKEN NUDE X 750;VINOS;22500
VINO KAIKEN ULTRA X750 CABERNET FRANC;VINOS;16000
VINO KAIKEN ULTRA X750 CABERNET SAUVIGNON;VINOS;16000
VINO KAIKEN ULTRA X750 MALBEC;VINOS;16000
VINO KAIKEN ULTRA X750 PINOT;VINOS;16000
VINO KILLKA X 375 MALBEC;VINOS;4000
VINO KILLKA X 750 CABERNET SAUVIGNON;VINOS;6500
VINO KILLKA X 750 CHARDONNAY;VINOS;6500
VINO KILLKA X 750 CORTE DE TINTAS;VINOS;6500
VINO KILLKA X 750 MALBEC;VINOS;6500
VINO KILLKA X 750 MALBEC BLANCO;VINOS;6500
VINO KILLKA X 750 SAUVIGNON BLANC;VINOS;6500
VINO LA FLOR X 750 CABERNET SAUVIGNON;VINOS;10700
VINO LA FLOR X 750 MALBEC;VINOS;10700
VINO LA IRIDE DORADO X 750 CABERNET FRANC;VINOS;6400
VINO LA IRIDE DORADO X 750 MALBEC;VINOS;6400
VINO LA IRIDE DORADO X750 CABERNET SAUVIGNON;VINOS;6400
VINO LA IRIDE DORADO X750 PINOT NOIR;VINOS;6400
VINO LA IRIDE PLATA X 750 MALBEC;VINOS;4700
VINO LA LINDA X 750 CABERNET SAUVIGNON;VINOS;8400
VINO LA LINDA X 750 CHARDONNAY;VINOS;8400
VINO LA LINDA X 750 MALBEC;VINOS;8400
VINO LA LINDA X 750 RED BLEND;VINOS;8400
VINO LA LINDA X 750 ROSE MALBEC;VINOS;8400
VINO LA LINDA X 750 TORRONTES;VINOS;8400
VINO LA LINDA X 750 VIOGNIER;VINOS;8400
VINO LA MASCOTA X 750 MALBEC;VINOS;10700
VINO LA MASCOTA X 750 ROSE;VINOS;10700
VINO LA POSTA X 750 FAZZIO MALBEC;VINOS;13400
VINO LA POSTA X 750 GLORIETA PINOT;VINOS;13400
VINO LA POSTA X 750 PAULUCCI MALBEC;VINOS;13400
VINO LA POSTA X 750 PIZZELLA MALBEC;VINOS;13400
VINO LA POSTA X 750 RED BLEND;VINOS;11500
VINO LA POSTA X 750 ROSE MALBEC;VINOS;11500
VINO LA POSTA X750 ARMANDO BONARDA;VINOS;13400
VINO LAS PERDICES BIB X3LTS MALBEC;VINOS;23900
VINO LAS PERDICES RESERVA X 750 CABERNET SAUVIGNON;VINOS;11900
VINO LAS PERDICES X 750 BLEND;VINOS;7600
VINO LAS PERDICES X 750 CABERNET;VINOS;7600
VINO LAS PERDICES X 750 MALBEC;VINOS;7600
VINO LAS PERDICES X 750 SAUVIGNON BLANC;VINOS;7600
VINO LAS PERDICES X750 TORRONTES;VINOS;7600
VINO LOPEZ X 750 SAUVIGNON BLANC;VINOS;3800
VINO LOPEZ X750 CABERNET SAUVIGNON;VINOS;3800
VINO LOPEZ X750 MALBEC;VINOS;3800
VINO LOS ABROJOS X750 MALBEC;VINOS;6700
VINO LOS ARBOLES X  750 MALBEC;VINOS;4300
VINO LOS HAROLDOS ESTATE X750 BONARDA;VINOS;4900
VINO LOS HAROLDOS ESTATE X750 CABERNET SAUVIGNON;VINOS;4900
VINO LOS HAROLDOS ESTATE X750 MALBEC;VINOS;4900
VINO LOS HAROLDOS RESERVA X 750 CABERNET FRANC;VINOS;8600
VINO LOS HAROLDOS RESERVA X 750 CABERNET SAUVIGNON;VINOS;5200
VINO LOS HAROLDOS RESERVA X 750 CHARDONNAY;VINOS;5200
VINO LOS HAROLDOS RESERVA X 750 MALBEC;VINOS;5200
VINO LOS INTOCABLES DOBLE BARRICA X 750 MALBEC;VINOS;8000
VINO LOS INTOCABLES X 750 CABERNET SAUVIGNON;VINOS;8000
VINO LOS INTOCABLES X 750 MALBEC;VINOS;8000
VINO LUCA BESO DE DANTE X 750 BLEND;VINOS;43800
VINO LUCA X 750 CHARDONNAY;VINOS;26000
VINO LUCA X 750 MALBEC;VINOS;30500
VINO LUCA X 750 PINOT;VINOS;26000
VINO LUCA X 750 SYRAH;VINOS;26000
VINO LUIGI BOSCA DE SANGRE X 750;VINOS;17500
VINO LUIGI BOSCA DE SANGRE X 750 DOC MALBEC;VINOS;23600
VINO LUIGI BOSCA X 750 CABERNET;VINOS;13300
VINO LUIGI BOSCA X 750 CHARDONNAY;VINOS;13300
VINO LUIGI BOSCA X 750 MALBEC;VINOS;13300
VINO MAAL X 750 AMBIGUO LA JOVEN;VINOS;12000
VINO MAAL X 750 BIUTIFUL;VINOS;15300
VINO MAAL X 750 REBELION;VINOS;11400
VINO MAAL X750 BESTIAL;VINOS;46600
VINO MAAL X750 BESTIAL ETIQUETA AZUL;VINOS;60500
VINO MAAL X750 BIOLENTO;VINOS;18700
VINO MAAL X750 IMPOSIBLE;VINOS;22000
VINO MAALABARISTA X 750 MALBEC;VINOS;32000
VINO MALABARISTA RESERVA X750 CABERNET FRANC;VINOS;15300
VINO MALABARISTA RESERVA X750 COFERMENTADO;VINOS;15300
VINO MALABARISTA RESERVA X750 MALBEC;VINOS;15300
VINO MALAMADO X 750;VINOS;17800
VINO MALDITA SANTA X 750 TORRONTES DULCE;VINOS;7200
VINO MALDITA SANTA X750 SANGIOVESE;VINOS;8200
VINO MARA X750 BONARDA;VINOS;15500
VINO MARANTIQUA X 750 MALBEC;VINOS;13900
VINO MEG X750 MALBEC-CABERNET;VINOS;38000
VINO MIL DEMONIOS X750 MALBEC;VINOS;15400
VINO MONTCHENOT 5 AÒOS X750 CABERNET_MERLOT_MALBEC;VINOS;14500
VINO MONTCHENOT PETIT X750 MALBEC CABERNET;VINOS;17500
VINO MONTCHENOT X 750 CHENIN BLANC;VINOS;9600
VINO MONTEAGRELLO X 750 MALBEC;VINOS;14000
VINO MONTEAGRELLO X 750 SYRAH;VINOS;14000
VINO MONTES RESERVA X750 MALBEC;VINOS;10200
VINO MONTES ROBLE X750 MALBEC;VINOS;7200
VINO MOSQUITA MUERTA X 750 BLEND DE TINTAS;VINOS;15000
VINO MOSQUITA MUERTA X750 BLACK;VINOS;31900
VINO NAMPE X 750 MALBEC;VINOS;3300
VINO NAMPE X 750 SAUVIGNON BLANC;VINOS;3300
VINO NATAL X 750 MALBEC;VINOS;9500
VINO NATAL X 750 SAUV BLANC;VINOS;9500
VINO NAVARRO CORREAS RESERVA X 750 MALBEC;VINOS;8100
VINO NEW AGE X 750 BLANCO;VINOS;3600
VINO NICASIA GRAN BLEND X750 CAB MAL;VINOS;11300
VINO NICASIA X 750 BLEND CABERNET FRANC;VINOS;6700
VINO NICASIA X 750 BLEND MALBEC;VINOS;6700
VINO NICO BY LUCA X 750 MALBEC;VINOS;88600
VINO NICOLA CATENA X 750 BONARDA;VINOS;37700
VINO NINA GOLD X 750 CABERNET SAUVIGNON;VINOS;7300
VINO NINA GOLD X750 CHARDONNAY;VINOS;7300
VINO NINA GOLD X750 MALBEC;VINOS;7300
VINO NINA X750 DULCE NATURAL MOSCATO GIALLO;VINOS;8500
VINO NINA X750 GRAN CABERNET FRANC;VINOS;12600
VINO NINA X750 GRAN MALBEC;VINOS;12600
VINO NINA X750 GRAN MERLOT;VINOS;12600
VINO NINA X750 GRAN SYRAH;VINOS;12600
VINO NINA X750 ROSADO DULCE NATURAL MALBEC;VINOS;8500
VINO NUBE NEGRA X750 MALBEC;VINOS;25300
VINO OJO DE BUEN CUBERO X 750 MALBEC;VINOS;9500
VINO OPORTUNISTA RESERVA X750 CABERNET SAUVIGNON;VINOS;8400
VINO OPORTUNISTA RESERVA X750 MALBEC;VINOS;8400
VINO OPORTUNISTA RESERVA X750 MARSELAN;VINOS;8400
VINO OPORTUNISTA X 750 BONARDA;VINOS;7200
VINO OPORTUNISTA X 750 CABERNET SAUV;VINOS;7200
VINO OPORTUNISTA X 750 MALBEC;VINOS;7200
VINO OPORTUNISTA X750 SAUVIGNON BLANC;VINOS;7200
VINO ORIGEN X 750 MALBEC;VINOS;5100
VINO OTRO LOCO MAS X 750;VINOS;3900
VINO PADRILLOS X750 MALBEC;VINOS;7400
VINO PALA CORAZON X 750 BONARDA;VINOS;7700
VINO PALA CORAZON X750 BLEND DE TINTAS;VINOS;7700
VINO PALA CORAZON X750 CABERNET FRANC;VINOS;7700
VINO PALA CORAZON X750 MALBEC;VINOS;7700
VINO PALA CORAZON X750 PINOT NOIR;VINOS;7700
VINO PALA CORAZON X750 SAUVIGNON BLANC;VINOS;7700
VINO PASARISA X750 CABERNET SAUVIGNON SALTA;VINOS;11400
VINO PASARISA X750 MERLOT PATAGONIA;VINOS;11400
VINO PASARISA X750 PINOT PATAGONIA;VINOS;11400
VINO PASARISA X750 SYRAH LA RIOJA;VINOS;11400
VINO PASARISA X750 TORRONTES SALTA;VINOS;11400
VINO PEQUEÒOS ENGAÒOS X750 CABERNET FRANC;VINOS;16800
VINO PEQUEÒOS ENGAÒOS X750 CLARETE;VINOS;16800
VINO PEQUEÒOS ENGAÒOS X750 MALBEC;VINOS;16800
VINO PERRO CALLEJERO X 750 BLEND;VINOS;6300
VINO PERRO CALLEJERO X 750 PINOT;VINOS;6300
VINO PETIT CARO X750 MAL-CAB;VINOS;33000
VINO PETITE FLEUR X 750 MALBEC;VINOS;15700
VINO PETITE FLEUR X750 CABERNET FRANC;VINOS;15700
VINO PISPI X 750 BLEND DE TINTOS;VINOS;8400
VINO PLAN B ROSADO;VINOS;5000
VINO PLAN B X 750 MALBEC;VINOS;5000
VINO PLAN B X750 DULCE NATURAL TORRONTES;VINOS;5000
VINO PORTILLO X 1500 MALBEC SERIGRAFIA;VINOS;9200
VINO PORTILLO X 375 MALBEC;VINOS;3000
VINO PORTILLO X 750 CABERNET SAUVIGNON;VINOS;4700
VINO PORTILLO X 750 CHARDONNAY;VINOS;5000
VINO PORTILLO X 750 DULCE NATURAL;VINOS;5000
VINO PORTILLO X 750 MALBEC;VINOS;4700
VINO PORTILLO X 750 MERLOT;VINOS;4700
VINO PORTILLO X 750 ROSE MALBEC;VINOS;4700
VINO PORTILLO X 750 SAUVIGNON BLANC;VINOS;5000
VINO PORTILLO X 750 SYRAH;VINOS;4700
VINO PORTILLO X 750 TEMPRANILLO;VINOS;4700
VINO PRISIONERO X750 MALBEC;VINOS;2900
VINO PRIVADO X 750 CABERNET;VINOS;8400
VINO PRIVADO X 750 MALBEC;VINOS;8400
VINO PROYECTOX X 750;VINOS;22800
VINO PULENTA ESTATE X 750 CABERNET FRANC;VINOS;22000
VINO PULENTA ESTATE X 750 CABERNET SAUVIGNON;VINOS;22000
VINO PULENTA ESTATE X 750 ROSE;VINOS;22000
VINO PULENTA ESTATE X750 MALBEC;VINOS;22000
VINO PURAMUN X 750 CABERNET FRANC;VINOS;10800
VINO PURAMUN X 750 CABERNET SAUVIGNON;VINOS;10800
VINO PURAMUN X 750 CHARDONNAY;VINOS;10800
VINO PURAMUN X 750 COFERMENTADO;VINOS;13300
VINO PURAMUN X 750 MALBEC;VINOS;10800
VINO PURAMUN X 750 PINOT NOIR;VINOS;10800
VINO PYROS BLOCK N4 ESTUCHE DE MADERA NEGRO 1,5L;VINOS;72000
VINO PYROS BLOCK N4 X 750 MALBEC;VINOS;17100
VINO PYROS LIMESTONE HILL MALBEC;VINOS;80500
VINO PYROS SPECIALBLEND 2019  X 750;VINOS;24700
VINO PYROS X 750 CHARDONNAY;VINOS;8600
VINO PYROS X 750 MALBEC;VINOS;8600
VINO PYROS X 750 MALBEC-CABERNET;VINOS;8600
VINO PYROS X 750 SYRAH;VINOS;8600
VINO RAICES ARGENTINAS X750 MALBEC;VINOS;10700
VINO RICARDO SANTOS EL GRAN MALBEC X750;VINOS;37900
VINO RICARDO SANTOS X750 ROSADO;VINOS;11900
VINO RIVAS X750 MALBEC;VINOS;10400
VINO ROMPE CORAZONES X750 CABERNET FRAC SAUVIGNON;VINOS;12500
VINO ROMPE CORAZONES X750 MALBEC GRAN RESERVA;VINOS;25200
VINO ROSAURA X 750 MALBEC;VINOS;19600
VINO RUTINI ENCUENTRO X 750 MALBEC;VINOS;11700
VINO RUTINI ENCUENTRO X750 CABERNET SAUVIGNON;VINOS;11700
VINO RUTINI X 750 CABERNET MALBEC;VINOS;14800
VINO RUTINI X 750 MALBEC;VINOS;26500
VINO RUTINI X 750 PINOT NOIR;VINOS;37600
VINO RUTINI X750 RIESLING;VINOS;39400
VINO RUTINI X750 ROSE;VINOS;39400
VINO RUTINI X750 TRAMINER;VINOS;39400
VINO SAINT FELICIEN X 750 CABERNET SAUVIGNON;VINOS;8700
VINO SAINT FELICIEN X 750 MALBEC;VINOS;8700
VINO SAINT FELICIEN X750 PINOT;VINOS;8700
VINO SALENTEIN BARREL SEL X 750 MALBEC CABERNET;VINOS;7100
VINO SALENTEIN BARREL SEL X 750 PETIT MALBEC;VINOS;7100
VINO SALENTEIN BLEND 2006 X750;VINOS;56800
VINO SALENTEIN GRAN VU BLEND (2018) X 750;VINOS;110000
VINO SALENTEIN GRAN VU BLEND (2019) X 750;VINOS;105000
VINO SALENTEIN GRAN VU X750 2020;VINOS;100000
VINO SALENTEIN NUMINA X 1500 GRAN CORTE;VINOS;35100
VINO SALENTEIN NUMINA X 750 CABERNET FRANC;VINOS;15200
VINO SALENTEIN NUMINA X 750 CABERNET SAUVIGNON;VINOS;13100
VINO SALENTEIN NUMINA X 750 CHARDONNAY;VINOS;13100
VINO SALENTEIN NUMINA X 750 GRAN CORTE;VINOS;16900
VINO SALENTEIN NUMINA X 750 MALBEC;VINOS;13100
VINO SALENTEIN NUMINA X 750 PETIT VERDOT;VINOS;13100
VINO SALENTEIN NUMINA X 750 PINOT NOIR;VINOS;15200
VINO SALENTEIN NUMINA X 750 SYRAH;VINOS;13100
VINO SALENTEIN PR1MUS X750 CABERNET;VINOS;53300
VINO SALENTEIN PR1MUS X750 CHARDONNAY;VINOS;32200
VINO SALENTEIN PR1MUS X750 MALBEC;VINOS;46600
VINO SALENTEIN PR1MUS X750 MERLOT 2006;VINOS;56800
VINO SALENTEIN PR1MUS X750 PINOT NOIR;VINOS;46600
VINO SALENTEIN RESERVA X 1.5L MALBEC;VINOS;19600
VINO SALENTEIN RESERVA X 3L MALBEC;VINOS;49000
VINO SALENTEIN RESERVA X 750 CABERNET FRANC;VINOS;9900
VINO SALENTEIN RESERVA X 750 CABERNET SAUVIGNON;VINOS;9900
VINO SALENTEIN RESERVA X 750 CHARDONNAY;VINOS;9900
VINO SALENTEIN RESERVA X 750 CORTE DE BLANCAS;VINOS;10800
VINO SALENTEIN RESERVA X 750 CORTE DE TINTAS;VINOS;10800
VINO SALENTEIN RESERVA X 750 MALBEC;VINOS;9900
VINO SALENTEIN RESERVA X 750 MERLOT;VINOS;9900
VINO SALENTEIN RESERVA X 750 PINOT NOIR;VINOS;9900
VINO SALENTEIN RESERVA X 750 ROSE;VINOS;9800
VINO SALENTEIN RESERVA X 750 SAUVIGNON BLANC;VINOS;9800
VINO SALENTEIN SINGLE VINEYARD X 750 EL TOMILLO;VINOS;31600
VINO SALENTEIN SINGLE VINEYARD X750 LAS TUNAS;VINOS;31600
VINO SALENTEIN SINGLE VNEYARD X750 LOS JABALIES;VINOS;33300
VINO SANTA JULIA BIB X3LTS MALBEC;VINOS;16700
VINO SANTA JULIA LATA X 355;VINOS;2800
VINO SANTA JULIA X 750 CHENIN DULCE;VINOS;7200
VINO SANTA JULIA X 750 TINTO DULCE;VINOS;6500
VINO SAPO DE OTRO POZO X 750 MALBEC;VINOS;11400
VINO SAPO DE OTRO POZO X 750 MALBEC-SYRAH;VINOS;9500
VINO SAURUS ESTATE X 750 MALBEC;VINOS;8000
VINO SAURUS ESTATE X 750 PINOT;VINOS;9500
VINO SAURUS ESTATE X750 CABERNET SAUVIGNON;VINOS;8000
VINO SAURUS SELECT X 750 PINOT;VINOS;12700
VINO SAURUS SELECT X750 CABERNET CABERNET;VINOS;11300
VINO SAURUS SELECT X750 CABERNET SAUVIGNON;VINOS;11300
VINO SAURUS SELECT X750 MALBEC;VINOS;11300
VINO SAURUS SELECT X750 MERLOT;VINOS;11300
VINO SEPTIMA 10 BARRICAS GR X 750 MALBEC;VINOS;39600
VINO SEPTIMA 10 BARRICAS GR X 750 TANNAT;VINOS;39600
VINO SEPTIMA BIB X3LTS CHARDONNAY;VINOS;18600
VINO SEPTIMA BIB X3LTS MALBEC;VINOS;18600
VINO SEPTIMA EMBLEMA X750 CAB FRANC;VINOS;6300
VINO SEPTIMA EMBLEMA X750 CABERNET SAUVIGNON;VINOS;6300
VINO SEPTIMA EMBLEMA X750 MALBEC;VINOS;6300
VINO SEPTIMA EMBLEMA X750 ROSADO;VINOS;6300
VINO SEPTIMA EMBLEMA X750 SAUVIGNON BLANC;VINOS;6300
VINO SEPTIMA OBRA X 750 CABERNET FRANC;VINOS;9900
VINO SEPTIMA OBRA X 750 CABERNET SAUVIGNON;VINOS;9900
VINO SEPTIMA OBRA X 750 MALBEC;VINOS;9900
VINO SEPTIMA OBRA X 750 PINOT NOIR;VINOS;15300
VINO SEPTIMA ORGANICO X750 MALBEC;VINOS;7400
VINO SIN REGLAS X750 MALBEC;VINOS;9900
VINO TAPIZ X750 MALBEC;VINOS;8500
VINO TATU X750 CABRENET SAUVIGNON;VINOS;10700
VINO TERRAZAS ORIGEN  X 750 MALBEC;VINOS;18600
VINO TERRAZAS RESERVA X 750 CABERNET FRANC;VINOS;14700
VINO TERRAZAS RESERVA X 750 CABERNET SAUV;VINOS;14700
VINO TERRAZAS RESERVA X 750 MALBEC ROSE;VINOS;14700
VINO TERRAZAS RESERVA X 750 PINOT;VINOS;14700
VINO TERRAZAS RESERVA X750 MALBEC;VINOS;14700
VINO TERRAZAS X 750 GRAND MALBEC 2019;VINOS;44800
VINO TESTA MATTA MALBEC X 750;VINOS;10800
VINO THE PRESIDENTS BLEND X750 CHARDO-SAUBLANC-SEM;VINOS;30000
VINO THE PRESIDENTS BLEND X750 MALBEC-CABERNET-SYR;VINOS;30000
VINO THE PRESIDENTS BLEND X750 MALBEC-MALBEC;VINOS;36200
VINO TINO X750 BLANCO DULCE;VINOS;4000
VINO TINO X750 MALBEC;VINOS;4000
VINO TRAPICHE GRAN MEDALLA X 750 MALBEC;VINOS;30900
VINO TRAPICHE MEDALLA X 750 BLEND;VINOS;13600
VINO TRAPICHE MEDALLA X 750 MALBEC;VINOS;13600
VINO TRAPICHE RESERVA X 750 MALBEC;VINOS;6600
VINO TRAPICHE TESORO X 750 MALBEC;VINOS;9900
VINO TRIVENTO GOLDEN RESERVE X750 CAB FRANC;VINOS;14100
VINO TRIVENTO GOLDEN RESERVE X750 CAB-SAUVIGNON;VINOS;14100
VINO TRIVENTO GOLDEN RESERVE X750 MALBEC;VINOS;14100
VINO TRIVENTO GOLDEN X 1.5 MALBEC;VINOS;39900
VINO TRIVENTO RESERVA X 750 MALBEC;VINOS;6200
VINO TRIVENTO RESERVA X 750 MALBEC BLANCO;VINOS;6200
VINO TRIVENTO RESERVA X 750 RED BLEND;VINOS;6200
VINO TRIVENTO RESERVA X 750 ROSE MALBEC;VINOS;6200
VINO TRUMPETER RESERVA X 750 BONARDA;VINOS;10200
VINO TRUMPETER RESERVA X 750 CABERNET;VINOS;10200
VINO TRUMPETER RESERVA X 750 CHARDONNAY;VINOS;10200
VINO TRUMPETER RESERVA X 750 DOUX BLANCO;VINOS;10200
VINO TRUMPETER RESERVA X 750 MALBEC;VINOS;10200
VINO TRUMPETER RESERVA X 750 PINOT;VINOS;10200
VINO TRUMPETER RESERVA X 750 PINOT GRIGIO;VINOS;10200
VINO TRUMPETER RESERVA X 750 ROSE;VINOS;10200
VINO TRUMPETER RESERVA X 750 TEMPRANILLO;VINOS;10200
VINO TRUMPETER RESERVA X 750 TORRONTES;VINOS;10200
VINO TRUMPETER RESERVA X 750 VIOGNIER;VINOS;10200
VINO TRUMPETER RESERVA X750 PETIT VERDOT;VINOS;10200
VINO TRUMPETER X 375 MALBEC;VINOS;4400
VINO TRUMPETER X 750 CABERNET FRANC;VINOS;7900
VINO TRUMPETER X 750 MALBEC;VINOS;7900
VINO TUCUMEN BIB CAJA X 3LTS;VINOS;15300
VINO TUCUMEN RESERVA X 750 ANCELOTTA;VINOS;6600
VINO TURBIO X 750 CHARDONNAY;VINOS;15300
VINO TURBIO X750 CRUZA DE BLANCAS;VINOS;15300
VINO TURBIO X750 GIBI;VINOS;15300
VINO TURBIO X750 MALBEC;VINOS;15300
VINO TURBIO X750 PINOT;VINOS;15300
VINO UNANIME X 750 MALBEC;VINOS;25200
VINO VALLISTO X750 BARBERA;VINOS;11600
VINO VICTORIO ALTIERI GRAN RESERVA X750 MALBEC;VINOS;61600
VINO VINORUM PREMIUM X750 MALBEC;VINOS;18400
VINO VINORUM RESERVA X750 MALBEC;VINOS;22300
VINO VI—ALBA RESERVA X 750 MALBEC;VINOS;8500
VINO VIÒALBA X750 MALBEC;VINOS;5900
VINO ZUCCARDI A X 750 MALBEC;VINOS;11800
VINO ZUCCARDI Q X 750 MALBEC;VINOS;17200
VARIOS;VINOS OFERTA 20%;400
VINO COLON SELECTO X 750 ROSADO DULCE;VINOS OFERTA 20%;4000
VINO COLON SELECTO X750 BLANCO DULCE;VINOS OFERTA 20%;4000
VINO COLON X 750 MALBEC;VINOS OFERTA 20%;3300
VINO COSECHA TARDIA X 750 ROSADO;VINOS OFERTA 20%;3900
VINO DEVOCION X750 CHARDONNAY;VINOS OFERTA 20%;7900
VINO DEVOCION X750 MALBEC;VINOS OFERTA 20%;7900
VINO LA IRIDE X 750 CHARDONAY;VINOS OFERTA 20%;4800
VINO NICASIA X 750 VIOGNIER BLANCO;VINOS OFERTA 20%;6700
VINO SANTA JULIA RESERVA X750 CABERNET SAUVGNON;VINOS OFERTA 20%;6400
VINO SANTA JULIA RESERVA X750 MAL - CAB FRA;VINOS OFERTA 20%;6400
VINO SANTA JULIA RESERVA X750 MALBEC;VINOS OFERTA 20%;6400
VINO SANTA JULIA RESERVA X750 SYRAH;VINOS OFERTA 20%;6400
VINO SANTA JULIA RESERVA X750 TEMPRANILLO;VINOS OFERTA 20%;6400
VINO SANTA JULIA X 750 CABERNET SAUVIGNON;VINOS OFERTA 20%;4700
VINO SANTA JULIA X 750 CHARDONNAY;VINOS OFERTA 20%;4700
VINO SANTA JULIA X 750 MALBEC;VINOS OFERTA 20%;4700
VINO SANTA JULIA X750 CABERNET FRANC;VINOS OFERTA 20%;4700
VINO SANTA JULIA X750 PINOT;VINOS OFERTA 20%;4700
VINO TRUMPETER X 750 CABERNET SAUVIGNON;VINOS OFERTA 20%;7900
VINO TRUMPETER X 750 CHARDONAY;VINOS OFERTA 20%;7900
VODKA RUNA X750 CHERRY;VINOS OFERTA 20%;8300
VODKA RUNA X750 COMUN;VINOS OFERTA 20%;8300
VODKA RUNA X750 LIMA;VINOS OFERTA 20%;8300
